transaction_id,customer_id,timestamp,channel,amount,location,device_id,beneficiary_id
920c1abd,cust_0015,2026-08-20T00:15:19.042612,UPI,2877.77,Delhi,dev_cust_0015_1,benef_50
9bd589f9,cust_0097,2026-08-20T00:22:23.030909,Card,751.15,Chennai,dev_cust_0097_3,benef_27
7d782501,cust_0100,2026-08-20T00:29:30.367244,Card,4116.49,Pune,dev_cust_0100_3,benef_25
ed6daa18,cust_0062,2026-08-20T00:33:23.591783,NetBanking,2516.57,Delhi,dev_cust_0062_1,benef_48
116418f7,cust_0014,2026-08-20T00:33:47.749374,Card,2930.2,Hyderabad,dev_cust_0014_3,benef_36
d5c7a88b,cust_0089,2026-08-20T00:35:19.583622,ATM,2689.18,Pune,dev_cust_0089_1,benef_7
484a87ed,cust_0034,2026-08-20T01:01:07.256793,Card,1216.26,Mumbai,dev_cust_0034_2,benef_35
d4e05fb1,cust_0054,2026-08-20T01:04:11.796818,Card,4205.83,Pune,dev_cust_0054_3,benef_21
4a62920d,cust_0044,2026-08-20T01:06:18.097380,NetBanking,5748.61,Mumbai,dev_cust_0044_3,benef_10
08e2e0bd,cust_0114,2026-08-20T01:07:57.673973,UPI,1313.24,Bangalore,dev_cust_0114_2,benef_35
4e1a049d,cust_0054,2026-08-20T01:08:10.456846,Card,3654.89,Pune,dev_cust_0054_3,benef_17
fc70e21b,cust_0068,2026-08-20T01:18:45.355396,ATM,4009.03,Delhi,dev_cust_0068_3,benef_22
0e860a0c,cust_0074,2026-08-20T01:22:05.806969,NetBanking,2564.75,Pune,dev_cust_0074_1,benef_47
f96bb19f,cust_0063,2026-08-20T01:30:06.020099,UPI,2323.23,Pune,dev_cust_0063_2,benef_21
d58e7974,cust_0104,2026-08-20T01:34:02.902686,NetBanking,1022.75,Mumbai,dev_cust_0104_3,benef_14
3dae740a,cust_0080,2026-08-20T01:51:56.737952,NetBanking,5110.74,Pune,dev_cust_0080_3,benef_36
67996621,cust_0000,2026-08-20T01:54:38.123342,UPI,649.68,Delhi,dev_cust_0000_1,benef_13
ff455c79,cust_0092,2026-08-20T01:55:06.942567,Card,2893.84,Bangalore,dev_cust_0092_3,benef_31
ca82f7e3,cust_0059,2026-08-20T02:05:04.664531,NetBanking,4143.76,Chennai,dev_cust_0059_3,benef_22
50d7f340,cust_0026,2026-08-20T02:05:23.233330,NetBanking,2338.08,Delhi,dev_cust_0026_2,benef_26
cb85f887,cust_0118,2026-08-20T02:07:58.970799,ATM,3778.88,Hyderabad,dev_cust_0118_3,benef_32
e6a29ba6,cust_0086,2026-08-20T02:10:50.104912,Card,3626.92,Chennai,dev_cust_0086_1,benef_41
1f627314,cust_0093,2026-08-20T02:16:23.077058,NetBanking,1191.09,Hyderabad,dev_cust_0093_1,benef_45
5a6fad5f,cust_0000,2026-08-20T02:17:18.070522,UPI,668.16,Delhi,dev_cust_0000_1,benef_39
d8f98a94,cust_0113,2026-08-20T02:26:07.117857,ATM,4581.13,Delhi,dev_cust_0113_1,benef_43
512b3c66,cust_susp_007,2026-08-20T02:39:28.085802,UPI,7061.5,Mumbai,dev_cust_susp_007_1,benef_26
5bfa8f32,cust_susp_007,2026-08-20T02:41:27.773208,NetBanking,12593.52,Mumbai,dev_cust_susp_007_1,benef_28
c224de93,cust_susp_007,2026-08-20T02:42:03.584163,ATM,17038.68,Mumbai,dev_cust_susp_007_1,benef_15
053857f9,cust_0069,2026-08-20T02:43:04.150019,ATM,4336.76,Mumbai,dev_cust_0069_1,benef_9
78678f43,cust_0112,2026-08-20T03:17:29.444117,NetBanking,4563.74,Delhi,dev_cust_0112_1,benef_2
8e4ce21c,cust_0077,2026-08-20T03:26:30.805677,UPI,2059.74,Pune,dev_cust_0077_1,benef_42
4b645619,cust_0113,2026-08-20T03:29:34.930976,ATM,2670.4,Delhi,dev_cust_0113_1,benef_1
f217753b,cust_0027,2026-08-20T03:37:13.777000,UPI,811.92,Bangalore,dev_cust_0027_1,benef_21
06acc4e9,cust_0053,2026-08-20T03:38:29.949964,UPI,2697.96,Hyderabad,dev_cust_0053_3,benef_37
df845170,cust_0010,2026-08-20T03:38:32.495013,UPI,3205.5,Chennai,dev_cust_0010_1,benef_6
796168ac,cust_0092,2026-08-20T03:41:51.258799,Card,2891.21,Bangalore,dev_cust_0092_3,benef_47
aa68e208,cust_0071,2026-08-20T03:45:25.005005,ATM,1987.9,Chennai,dev_cust_0071_2,benef_31
20b71b78,cust_0054,2026-08-20T03:46:21.825430,Card,4054.28,Pune,dev_cust_0054_3,benef_48
5b6965d1,cust_0097,2026-08-20T03:46:45.694893,Card,889.78,Chennai,dev_cust_0097_3,benef_7
01d87da1,cust_susp_002,2026-08-20T03:47:45.704460,ATM,5279.38,Delhi,dev_cust_susp_002_1,benef_31
46230639,cust_susp_002,2026-08-20T03:49:50.706944,NetBanking,8929.2,Delhi,dev_cust_susp_002_1,benef_16
2edba87a,cust_susp_002,2026-08-20T03:52:44.193337,Card,14826.48,Delhi,dev_cust_susp_002_1,benef_40
258975b2,cust_0003,2026-08-20T04:01:39.116005,Card,3642.52,Hyderabad,dev_cust_0003_3,benef_3
dc45f542,cust_0107,2026-08-20T04:03:50.293878,ATM,752.92,Chennai,dev_cust_0107_1,benef_33
492fd2a0,cust_0038,2026-08-20T04:17:38.179842,ATM,2044.34,Chennai,dev_cust_0038_1,benef_20
466dde38,cust_0036,2026-08-20T04:20:11.694893,NetBanking,2507.06,Bangalore,dev_cust_0036_2,benef_48
8fcb516b,cust_0114,2026-08-20T04:21:08.670822,UPI,1349.25,Bangalore,dev_cust_0114_2,benef_41
141ba850,cust_0108,2026-08-20T04:23:20.219538,ATM,4084.99,Hyderabad,dev_cust_0108_3,benef_38
a342e1ec,cust_0103,2026-08-20T04:26:47.685927,NetBanking,2387.46,Delhi,dev_cust_0103_1,benef_37
479a22cc,cust_0025,2026-08-20T04:28:59.272183,NetBanking,3995.59,Hyderabad,dev_cust_0025_1,benef_27
a7d028fe,cust_0105,2026-08-20T04:35:26.569219,UPI,712.01,Delhi,dev_cust_0105_3,benef_4
73b302a1,cust_0025,2026-08-20T04:37:28.118105,NetBanking,3054.45,Hyderabad,dev_cust_0025_1,benef_27
2dd038f2,cust_0057,2026-08-20T04:50:00.953469,ATM,2584.63,Mumbai,dev_cust_0057_2,benef_6
73733cde,cust_0007,2026-08-20T04:51:10.165046,NetBanking,5477.22,Chennai,dev_cust_0007_3,benef_33
e1a2209d,cust_0012,2026-08-20T04:56:00.729437,UPI,6133.75,Pune,dev_cust_0012_1,benef_26
b205362e,cust_0027,2026-08-20T04:56:25.881621,UPI,877.69,Bangalore,dev_cust_0027_1,benef_42
438acb9a,cust_0087,2026-08-20T05:15:14.608211,Card,2903.04,Delhi,dev_cust_0087_2,benef_4
526fd866,cust_0056,2026-08-20T05:17:28.793527,UPI,888.69,Bangalore,dev_cust_0056_2,benef_6
2d67955b,cust_0084,2026-08-20T05:20:23.573123,UPI,875.75,Delhi,dev_cust_0084_3,benef_9
d4d4db49,cust_0065,2026-08-20T05:20:30.218080,NetBanking,2718.2,Chennai,dev_cust_0065_3,benef_30
e81d08f6,cust_0044,2026-08-20T05:23:15.481945,NetBanking,5998.15,Mumbai,dev_cust_0044_3,benef_17
2ef26899,cust_0118,2026-08-20T05:38:48.457512,ATM,4041.24,Hyderabad,dev_cust_0118_3,benef_7
1e57721c,cust_0046,2026-08-20T05:41:08.596491,UPI,2281.92,Hyderabad,dev_cust_0046_2,benef_25
a1683ad4,cust_0024,2026-08-20T05:48:05.728865,NetBanking,4809.89,Chennai,dev_cust_0024_2,benef_10
7d1e9088,cust_0061,2026-08-20T05:52:25.931936,ATM,3320.06,Pune,dev_cust_0061_3,benef_39
eb1ddc56,cust_0116,2026-08-20T05:57:12.242954,UPI,927.32,Bangalore,dev_cust_0116_2,benef_28
ce38f40a,cust_0032,2026-08-20T06:09:50.879740,Card,1649.24,Chennai,dev_cust_0032_3,benef_47
0a3449c4,cust_0000,2026-08-20T06:15:34.545418,UPI,474.97,Delhi,dev_cust_0000_1,benef_28
fcc3ac24,cust_0040,2026-08-20T06:20:25.098287,NetBanking,4855.29,Bangalore,dev_cust_0040_2,benef_50
4c06e532,cust_0050,2026-08-20T06:30:06.505347,NetBanking,4402.86,Chennai,dev_cust_0050_2,benef_8
0766ce54,cust_0041,2026-08-20T06:42:39.824972,Card,3378.13,Bangalore,dev_cust_0041_3,benef_8
cf91bddb,cust_0057,2026-08-20T06:42:45.242362,ATM,2927.04,Mumbai,dev_cust_0057_2,benef_9
70ba02f5,cust_0088,2026-08-20T06:58:13.580344,UPI,1692.24,Mumbai,dev_cust_0088_1,benef_19
80db9c0a,cust_0048,2026-08-20T06:59:44.890608,Card,407.17,Hyderabad,dev_cust_0048_3,benef_41
c2a30f92,cust_0036,2026-08-20T07:08:41.342582,NetBanking,2569.79,Bangalore,dev_cust_0036_2,benef_17
982e37bd,cust_0044,2026-08-20T07:10:45.272055,NetBanking,5132.38,Mumbai,dev_cust_0044_3,benef_30
ca25f968,cust_0029,2026-08-20T07:20:12.818372,UPI,3381.72,Mumbai,dev_cust_0029_2,benef_50
55ba9f22,cust_0078,2026-08-20T07:23:13.377697,NetBanking,4258.59,Bangalore,dev_cust_0078_2,benef_29
07a97f36,cust_0030,2026-08-20T07:35:55.675271,NetBanking,3520.08,Pune,dev_cust_0030_3,benef_24
83bfd6e5,cust_0115,2026-08-20T07:42:18.658318,Card,617.57,Hyderabad,dev_cust_0115_3,benef_13
63b2affc,cust_0099,2026-08-20T07:43:32.339049,UPI,599.0,Chennai,dev_cust_0099_3,benef_22
320a2634,cust_0029,2026-08-20T07:46:59.195911,UPI,4575.31,Mumbai,dev_cust_0029_2,benef_2
bc69a028,cust_0093,2026-08-20T07:54:44.919130,NetBanking,1315.54,Hyderabad,dev_cust_0093_1,benef_10
55b9ed7a,cust_0074,2026-08-20T08:00:19.634196,NetBanking,2442.87,Pune,dev_cust_0074_1,benef_4
e0bf6f55,cust_0006,2026-08-20T08:03:16.114403,ATM,850.38,Mumbai,dev_cust_0006_3,benef_20
0ca0f1fb,cust_0018,2026-08-20T08:18:16.582080,ATM,1527.35,Bangalore,dev_cust_0018_2,benef_17
f92ba63d,cust_0111,2026-08-20T08:26:48.358896,ATM,2747.48,Delhi,dev_cust_0111_2,benef_49
6e22648d,cust_0033,2026-08-20T08:36:28.588933,ATM,2324.84,Chennai,dev_cust_0033_2,benef_35
346700d5,cust_0012,2026-08-20T08:37:54.610335,UPI,5419.68,Pune,dev_cust_0012_1,benef_37
fb221764,cust_0038,2026-08-20T08:57:12.468199,ATM,1684.34,Chennai,dev_cust_0038_1,benef_45
d28db5b0,cust_0085,2026-08-20T09:00:44.140497,Card,1302.03,Chennai,dev_cust_0085_2,benef_20
eef48c21,cust_0034,2026-08-20T09:06:50.303193,Card,1597.1,Mumbai,dev_cust_0034_2,benef_19
b0159eaa,cust_0015,2026-08-20T09:25:08.456054,UPI,3650.59,Delhi,dev_cust_0015_1,benef_29
a8d01161,cust_0008,2026-08-20T09:31:35.231190,Card,3602.88,Mumbai,dev_cust_0008_3,benef_37
49c41f5a,cust_0013,2026-08-20T09:32:12.743039,Card,4923.32,Mumbai,dev_cust_0013_3,benef_23
4db63d26,cust_0076,2026-08-20T09:36:19.765692,UPI,4078.74,Hyderabad,dev_cust_0076_2,benef_23
1dd6025a,cust_0051,2026-08-20T09:46:04.121425,ATM,755.56,Pune,dev_cust_0051_2,benef_30
8f37fe50,cust_0081,2026-08-20T09:46:20.805876,Card,3638.98,Hyderabad,dev_cust_0081_2,benef_5
13f9e545,cust_0091,2026-08-20T09:51:59.828029,NetBanking,2922.51,Pune,dev_cust_0091_1,benef_22
1ddf7104,cust_0080,2026-08-20T09:54:50.571949,NetBanking,4355.59,Pune,dev_cust_0080_3,benef_18
48df04d1,cust_0093,2026-08-20T09:56:30.980316,NetBanking,1206.03,Hyderabad,dev_cust_0093_1,benef_43
9fa93577,cust_0091,2026-08-20T10:03:51.231512,NetBanking,2721.96,Pune,dev_cust_0091_1,benef_40
f146b5a6,cust_0113,2026-08-20T10:04:37.250608,ATM,3627.0,Delhi,dev_cust_0113_1,benef_35
694ccf8a,cust_0049,2026-08-20T10:08:04.218290,UPI,2009.23,Bangalore,dev_cust_0049_1,benef_15
1fb00181,cust_0079,2026-08-20T10:16:48.438200,NetBanking,1362.9,Pune,dev_cust_0079_1,benef_39
3f8aaa23,cust_0117,2026-08-20T10:22:54.452685,Card,638.65,Mumbai,dev_cust_0117_3,benef_5
8f205a20,cust_0109,2026-08-20T10:23:35.973384,NetBanking,637.78,Delhi,dev_cust_0109_3,benef_30
9b5cc48b,cust_0046,2026-08-20T10:28:51.691045,UPI,2618.41,Hyderabad,dev_cust_0046_2,benef_34
ce37d22c,cust_rule_004,2026-08-20T10:31:46.300536,Card,3485.45,Hyderabad,dev_blk_002,benef_32
1a1c5d86,cust_0004,2026-08-20T11:00:16.469975,ATM,3949.51,Chennai,dev_cust_0004_2,benef_11
d716eb79,cust_0080,2026-08-20T11:02:51.171951,NetBanking,4117.13,Pune,dev_cust_0080_3,benef_29
14710e48,cust_0011,2026-08-20T11:08:43.337111,UPI,4370.34,Delhi,dev_cust_0011_2,benef_38
db08ef79,cust_0000,2026-08-20T11:11:40.286351,UPI,693.75,Delhi,dev_cust_0000_1,benef_49
50143e47,cust_0060,2026-08-20T11:20:00.484299,NetBanking,772.34,Hyderabad,dev_cust_0060_3,benef_37
d90d48e5,cust_0087,2026-08-20T11:22:54.451866,Card,2898.53,Delhi,dev_cust_0087_2,benef_22
e4cccc57,cust_0017,2026-08-20T11:27:44.080901,ATM,4268.11,Pune,dev_cust_0017_1,benef_3
0b5ccdaa,cust_0006,2026-08-20T11:53:20.907766,ATM,1373.65,Mumbai,dev_cust_0006_3,benef_34
aed0775b,cust_0010,2026-08-20T11:58:27.839869,UPI,2235.69,Chennai,dev_cust_0010_1,benef_26
a8c72977,cust_0078,2026-08-20T11:59:54.324919,NetBanking,3832.2,Bangalore,dev_cust_0078_2,benef_47
01165948,cust_0021,2026-08-20T12:13:04.009895,Card,2712.35,Pune,dev_cust_0021_2,benef_6
e80568f9,cust_0063,2026-08-20T12:22:29.528406,UPI,2973.76,Pune,dev_cust_0063_2,benef_45
ed94aacc,cust_0100,2026-08-20T12:38:08.281667,Card,4539.34,Pune,dev_cust_0100_3,benef_41
913e26ac,cust_0049,2026-08-20T12:38:45.906259,UPI,2128.36,Bangalore,dev_cust_0049_1,benef_24
4eb864b6,cust_0030,2026-08-20T12:40:54.700314,NetBanking,2757.26,Pune,dev_cust_0030_3,benef_34
13b19948,cust_0106,2026-08-20T12:51:00.364638,ATM,2824.96,Delhi,dev_cust_0106_1,benef_47
5a606189,cust_0009,2026-08-20T13:12:40.098876,UPI,890.42,Hyderabad,dev_cust_0009_2,benef_30
86e77d02,cust_0109,2026-08-20T13:14:21.431291,NetBanking,741.41,Delhi,dev_cust_0109_3,benef_35
47dab479,cust_0035,2026-08-20T13:16:27.063365,Card,2430.0,Bangalore,dev_cust_0035_2,benef_4
7410d84d,cust_0100,2026-08-20T13:18:15.287311,Card,4047.9,Pune,dev_cust_0100_3,benef_16
9ca93152,cust_0110,2026-08-20T13:32:51.925787,Card,1159.08,Hyderabad,dev_cust_0110_1,benef_49
46506feb,cust_0066,2026-08-20T13:33:11.669346,NetBanking,2801.4,Chennai,dev_cust_0066_3,benef_39
6ccd9779,cust_0019,2026-08-20T13:41:08.418351,UPI,3150.78,Delhi,dev_cust_0019_3,benef_3
e09aaa78,cust_0008,2026-08-20T13:42:34.249803,Card,4105.79,Mumbai,dev_cust_0008_3,benef_7
17f28b1b,cust_0020,2026-08-20T13:48:44.952103,NetBanking,469.74,Chennai,dev_cust_0020_3,benef_48
9d76a2f5,cust_0029,2026-08-20T14:16:47.078222,UPI,3053.53,Mumbai,dev_cust_0029_2,benef_16
db991dce,cust_0053,2026-08-20T14:46:29.285077,UPI,4837.8,Hyderabad,dev_cust_0053_3,benef_49
41a04aa0,cust_0003,2026-08-20T15:18:32.800219,Card,3408.7,Hyderabad,dev_cust_0003_3,benef_42
9aa4f12b,cust_0081,2026-08-20T15:26:56.654270,Card,4652.14,Hyderabad,dev_cust_0081_2,benef_40
c925f105,cust_0061,2026-08-20T15:31:15.475816,ATM,3358.96,Pune,dev_cust_0061_3,benef_8
1d9bfb9c,cust_0052,2026-08-20T15:38:36.302274,ATM,4432.33,Hyderabad,dev_cust_0052_1,benef_29
71418be9,cust_0004,2026-08-20T15:47:27.940774,ATM,4184.91,Chennai,dev_cust_0004_2,benef_9
1f7c5cb3,cust_0062,2026-08-20T15:52:38.378482,NetBanking,3015.08,Delhi,dev_cust_0062_1,benef_14
2b323999,cust_0050,2026-08-20T15:56:18.378259,NetBanking,6103.61,Chennai,dev_cust_0050_2,benef_45
3c240da6,cust_0018,2026-08-20T16:03:01.783436,ATM,1284.82,Bangalore,dev_cust_0018_2,benef_18
223f38c8,cust_0000,2026-08-20T16:04:16.223328,UPI,600.83,Delhi,dev_cust_0000_1,benef_35
7161dd17,cust_0084,2026-08-20T16:14:01.897798,UPI,1246.62,Delhi,dev_cust_0084_3,benef_19
b5e2b59d,cust_0097,2026-08-20T16:14:54.090716,Card,1367.05,Chennai,dev_cust_0097_3,benef_15
98ac2a4e,cust_0118,2026-08-20T16:25:33.470650,ATM,5942.83,Hyderabad,dev_cust_0118_3,benef_36
b04d1033,cust_0116,2026-08-20T16:32:35.476049,UPI,1093.29,Bangalore,dev_cust_0116_2,benef_37
6fa219b9,cust_0112,2026-08-20T16:33:40.827860,NetBanking,4095.04,Delhi,dev_cust_0112_1,benef_37
07afc23e,cust_0037,2026-08-20T16:39:58.639997,ATM,2515.82,Mumbai,dev_cust_0037_1,benef_46
d106c1c7,cust_0046,2026-08-20T16:43:03.244761,UPI,3322.42,Hyderabad,dev_cust_0046_2,benef_41
b6ede44f,cust_0021,2026-08-20T16:54:37.940738,Card,2092.84,Pune,dev_cust_0021_2,benef_10
68626469,cust_0064,2026-08-20T17:00:40.885647,UPI,1654.79,Delhi,dev_cust_0064_3,benef_10
521e100f,cust_0108,2026-08-20T17:03:25.525814,ATM,3631.47,Hyderabad,dev_cust_0108_3,benef_10
b4b7ca97,cust_0047,2026-08-20T17:04:43.717940,ATM,685.48,Delhi,dev_cust_0047_3,benef_45
be41693a,cust_0070,2026-08-20T17:06:07.828215,ATM,4405.21,Chennai,dev_cust_0070_1,benef_29
165b2dbb,cust_0074,2026-08-20T17:10:03.519297,NetBanking,2829.42,Pune,dev_cust_0074_1,benef_41
706b4537,cust_0006,2026-08-20T17:14:26.038840,ATM,1580.41,Mumbai,dev_cust_0006_3,benef_16
85d446ff,cust_0117,2026-08-20T17:18:50.392764,Card,613.55,Mumbai,dev_cust_0117_3,benef_35
85511d61,cust_susp_004,2026-08-20T17:29:12.800741,NetBanking,8082.82,Bangalore,dev_cust_susp_004_1,benef_37
9bf23d85,cust_susp_004,2026-08-20T17:31:11.460264,ATM,13667.95,Bangalore,dev_cust_susp_004_1,benef_18
4c1d600e,cust_0042,2026-08-20T17:32:55.050855,Card,2399.43,Delhi,dev_cust_0042_2,benef_39
226bcf45,cust_susp_004,2026-08-20T17:33:34.257388,UPI,23348.23,Bangalore,dev_cust_susp_004_1,benef_8
cba68faf,cust_0002,2026-08-20T17:37:34.991799,UPI,4095.84,Pune,dev_cust_0002_2,benef_30
cd9c6a34,cust_0087,2026-08-20T17:37:52.354440,Card,3571.53,Delhi,dev_cust_0087_2,benef_30
272cdf93,cust_0012,2026-08-20T17:43:39.018147,UPI,3990.05,Pune,dev_cust_0012_1,benef_27
6cd43c1e,cust_0066,2026-08-20T17:50:15.173157,NetBanking,2864.37,Chennai,dev_cust_0066_3,benef_29
8d1d2284,cust_0009,2026-08-20T17:54:11.721752,UPI,819.16,Hyderabad,dev_cust_0009_2,benef_28
cd05892d,cust_0023,2026-08-20T17:56:32.194088,ATM,980.07,Hyderabad,dev_cust_0023_1,benef_8
94c1c8d8,cust_0080,2026-08-20T17:58:19.340482,NetBanking,5234.09,Pune,dev_cust_0080_3,benef_8
001a46a3,cust_0048,2026-08-20T18:02:42.466571,Card,628.08,Hyderabad,dev_cust_0048_3,benef_49
47ad8651,cust_0035,2026-08-20T18:10:42.398816,Card,2736.83,Bangalore,dev_cust_0035_2,benef_5
875abe67,cust_0075,2026-08-20T18:15:46.147669,ATM,3874.98,Mumbai,dev_cust_0075_3,benef_23
d832c6b7,cust_0046,2026-08-20T18:17:10.926376,UPI,2494.83,Hyderabad,dev_cust_0046_2,benef_30
2a513080,cust_0064,2026-08-20T18:25:46.963143,UPI,2372.08,Delhi,dev_cust_0064_3,benef_49
7597f37e,cust_0096,2026-08-20T18:27:50.278443,Card,4319.42,Pune,dev_cust_0096_2,benef_35
d09e4dff,cust_0112,2026-08-20T18:46:32.649289,NetBanking,3197.05,Delhi,dev_cust_0112_1,benef_38
a792c430,cust_0111,2026-08-20T18:49:56.773818,ATM,2191.33,Delhi,dev_cust_0111_2,benef_7
19b986ee,cust_0005,2026-08-20T18:57:50.441955,NetBanking,2884.22,Bangalore,dev_cust_0005_2,benef_7
74972ef4,cust_0094,2026-08-20T19:02:02.677908,ATM,1605.56,Chennai,dev_cust_0094_2,benef_18
f031502b,cust_0014,2026-08-20T19:02:29.566849,Card,2265.54,Hyderabad,dev_cust_0014_3,benef_7
9cab89b0,cust_0092,2026-08-20T19:07:05.489267,Card,2739.89,Bangalore,dev_cust_0092_3,benef_38
94635f30,cust_0005,2026-08-20T19:12:41.089236,NetBanking,3838.32,Bangalore,dev_cust_0005_2,benef_42
ac741c08,cust_0002,2026-08-20T19:13:20.651475,UPI,4870.37,Pune,dev_cust_0002_2,benef_44
78afae1b,cust_0042,2026-08-20T19:14:11.154267,Card,3463.28,Delhi,dev_cust_0042_2,benef_38
a5a17241,cust_0110,2026-08-20T19:19:45.243572,Card,1281.91,Hyderabad,dev_cust_0110_1,benef_5
7d0e0bf4,cust_0096,2026-08-20T19:31:17.601542,Card,4862.31,Pune,dev_cust_0096_2,benef_36
0f6bea65,cust_0026,2026-08-20T19:39:04.832809,NetBanking,2477.1,Delhi,dev_cust_0026_2,benef_32
56356645,cust_0095,2026-08-20T19:41:20.193527,NetBanking,2239.72,Delhi,dev_cust_0095_3,benef_25
f81eeae2,cust_0024,2026-08-20T19:46:15.658241,NetBanking,3516.76,Chennai,dev_cust_0024_2,benef_5
b02c2ef9,cust_0106,2026-08-20T19:50:48.409444,ATM,4009.74,Delhi,dev_cust_0106_1,benef_47
377c851f,cust_0024,2026-08-20T19:57:59.102731,NetBanking,4364.18,Chennai,dev_cust_0024_2,benef_16
304a3739,cust_0002,2026-08-20T20:00:50.757926,UPI,4157.21,Pune,dev_cust_0002_2,benef_41
47fb535a,cust_0027,2026-08-20T20:02:04.114774,UPI,1009.11,Bangalore,dev_cust_0027_1,benef_6
50520abd,cust_0018,2026-08-20T20:05:49.198114,ATM,1264.56,Bangalore,dev_cust_0018_2,benef_35
a08a25d0,cust_0089,2026-08-20T20:15:27.562906,ATM,3376.25,Pune,dev_cust_0089_1,benef_39
53971264,cust_0037,2026-08-20T20:21:20.602311,ATM,3093.28,Mumbai,dev_cust_0037_1,benef_15
3535223f,cust_0061,2026-08-20T20:23:37.485045,ATM,3853.3,Pune,dev_cust_0061_3,benef_44
f714dfac,cust_0021,2026-08-20T20:25:57.436174,Card,2077.38,Pune,dev_cust_0021_2,benef_6
e43443c3,cust_0099,2026-08-20T20:29:18.380289,UPI,643.19,Chennai,dev_cust_0099_3,benef_32
4a0ff925,cust_0011,2026-08-20T20:32:16.600143,UPI,4539.21,Delhi,dev_cust_0011_2,benef_36
2ce94c04,cust_0097,2026-08-20T20:32:59.656465,Card,1528.27,Chennai,dev_cust_0097_3,benef_4
6cf19de6,cust_0081,2026-08-20T20:33:41.526699,Card,4589.07,Hyderabad,dev_cust_0081_2,benef_8
4aa511dc,cust_0021,2026-08-20T20:39:28.035412,Card,1911.41,Pune,dev_cust_0021_2,benef_42
4fc8be73,cust_0105,2026-08-20T20:40:13.911226,UPI,807.17,Delhi,dev_cust_0105_3,benef_12
1ed27f4e,cust_0047,2026-08-20T21:15:23.811407,ATM,761.07,Delhi,dev_cust_0047_3,benef_43
cd14e386,cust_0020,2026-08-20T21:17:13.828495,NetBanking,448.97,Chennai,dev_cust_0020_3,benef_9
ad547a14,cust_0069,2026-08-20T21:17:49.312749,ATM,5211.71,Mumbai,dev_cust_0069_1,benef_35
efc0f106,cust_0047,2026-08-20T21:32:20.781373,ATM,849.53,Delhi,dev_cust_0047_3,benef_28
117e655b,cust_0117,2026-08-20T21:32:52.569779,Card,427.16,Mumbai,dev_cust_0117_3,benef_37
261a9755,cust_0014,2026-08-20T21:33:18.972570,Card,2655.27,Hyderabad,dev_cust_0014_3,benef_9
1365ce36,cust_0062,2026-08-20T21:42:07.898635,NetBanking,2857.1,Delhi,dev_cust_0062_1,benef_14
f30536ce,cust_0029,2026-08-20T21:42:50.232078,UPI,3564.2,Mumbai,dev_cust_0029_2,benef_37
c51aecb5,cust_0050,2026-08-20T21:45:27.693238,NetBanking,5377.47,Chennai,dev_cust_0050_2,benef_27
78503739,cust_0065,2026-08-20T21:48:11.056788,NetBanking,2567.41,Chennai,dev_cust_0065_3,benef_33
f9149cdd,cust_0038,2026-08-20T21:53:40.436589,ATM,2177.02,Chennai,dev_cust_0038_1,benef_35
b6de4ac0,cust_0018,2026-08-20T21:58:25.472814,ATM,1201.72,Bangalore,dev_cust_0018_2,benef_15
00e5a8ec,cust_0033,2026-08-20T22:04:36.679358,ATM,1932.85,Chennai,dev_cust_0033_2,benef_21
e6594064,cust_0092,2026-08-20T22:09:10.094498,Card,4396.5,Bangalore,dev_cust_0092_3,benef_41
5e199fcd,cust_0016,2026-08-20T22:11:40.564302,UPI,1219.58,Hyderabad,dev_cust_0016_1,benef_3
afdb0fdc,cust_0083,2026-08-20T22:16:08.153983,NetBanking,766.02,Chennai,dev_cust_0083_3,benef_34
bfcd603b,cust_0068,2026-08-20T22:17:23.625218,ATM,5211.12,Delhi,dev_cust_0068_3,benef_25
bc8018f0,cust_0058,2026-08-20T22:29:46.754644,NetBanking,5032.14,Hyderabad,dev_cust_0058_1,benef_10
4ecd4c13,cust_0057,2026-08-20T22:30:12.532319,ATM,2544.44,Mumbai,dev_cust_0057_2,benef_21
1fb5f92e,cust_susp_006,2026-08-20T22:37:10.016696,Card,4984.28,Hyderabad,dev_cust_susp_006_1,benef_38
044d7692,cust_susp_006,2026-08-20T22:39:23.252155,UPI,11286.08,Hyderabad,dev_cust_susp_006_1,benef_24
734b977e,cust_susp_006,2026-08-20T22:39:41.206972,NetBanking,7478.43,Hyderabad,dev_cust_susp_006_1,benef_45
0fb4c4f5,cust_0013,2026-08-20T22:45:53.129274,Card,4709.39,Mumbai,dev_cust_0013_3,benef_30
4db1aad7,cust_0043,2026-08-20T22:54:31.304019,NetBanking,3206.48,Delhi,dev_cust_0043_1,benef_31
378e7fc0,cust_0091,2026-08-20T22:56:02.984232,NetBanking,2303.57,Pune,dev_cust_0091_1,benef_20
00ba1c79,cust_0109,2026-08-20T22:56:55.971336,NetBanking,658.54,Delhi,dev_cust_0109_3,benef_25
0c5e01f6,cust_0108,2026-08-20T22:57:39.838099,ATM,3407.58,Hyderabad,dev_cust_0108_3,benef_21
99304f37,cust_0056,2026-08-20T23:11:31.383678,UPI,809.66,Bangalore,dev_cust_0056_2,benef_40
d64c5614,cust_0021,2026-08-20T23:12:07.000348,Card,2523.41,Pune,dev_cust_0021_2,benef_29
d81cacba,cust_0084,2026-08-20T23:13:53.666699,UPI,1048.55,Delhi,dev_cust_0084_3,benef_46
53db15a0,cust_0006,2026-08-20T23:20:21.249976,ATM,1000.95,Mumbai,dev_cust_0006_3,benef_2
2901c885,cust_0046,2026-08-20T23:21:17.913630,UPI,2827.69,Hyderabad,dev_cust_0046_2,benef_28
d2d5e85e,cust_0049,2026-08-20T23:31:25.597385,UPI,1767.72,Bangalore,dev_cust_0049_1,benef_27
f0bc71e8,cust_0050,2026-08-20T23:36:59.228247,NetBanking,5033.11,Chennai,dev_cust_0050_2,benef_40
f624596b,cust_0053,2026-08-20T23:39:22.636250,UPI,2988.35,Hyderabad,dev_cust_0053_3,benef_10
ad8e3a4f,cust_susp_003,2026-08-20T23:44:29.467340,NetBanking,3476.55,Delhi,dev_cust_susp_003_1,benef_22
8513b5d7,cust_0040,2026-08-20T23:44:45.109600,NetBanking,5169.89,Bangalore,dev_cust_0040_2,benef_45
3e371b6e,cust_susp_003,2026-08-20T23:46:46.978260,UPI,5284.74,Delhi,dev_cust_susp_003_1,benef_42
0b59efc2,cust_susp_003,2026-08-20T23:47:18.472150,Card,9444.43,Delhi,dev_cust_susp_003_1,benef_21
406b64fa,cust_0099,2026-08-20T23:48:33.317899,UPI,552.32,Chennai,dev_cust_0099_3,benef_47
76a882e0,cust_0018,2026-08-20T23:50:34.045841,ATM,1233.59,Bangalore,dev_cust_0018_2,benef_2
f9d171b7,cust_0117,2026-08-20T23:53:04.374430,Card,497.24,Mumbai,dev_cust_0117_3,benef_49
c550b4af,cust_0077,2026-08-20T23:53:54.878710,UPI,2006.09,Pune,dev_cust_0077_1,benef_26
c7ebbcb5,cust_0067,2026-08-21T00:00:07.439747,Card,1633.66,Delhi,dev_cust_0067_3,benef_38
e6b630e8,cust_0073,2026-08-21T00:08:27.260253,Card,1548.9,Delhi,dev_cust_0073_1,benef_31
b8d70ff2,cust_0100,2026-08-21T00:16:19.476882,Card,3499.5,Pune,dev_cust_0100_3,benef_13
9690a9e6,cust_0027,2026-08-21T00:18:00.142061,UPI,940.3,Bangalore,dev_cust_0027_1,benef_25
71206391,cust_0112,2026-08-21T00:18:16.662422,NetBanking,3931.1,Delhi,dev_cust_0112_1,benef_49
c69f4db5,cust_0007,2026-08-21T00:20:31.777709,NetBanking,5004.09,Chennai,dev_cust_0007_3,benef_38
2f16760a,cust_0057,2026-08-21T00:24:11.075602,ATM,2072.5,Mumbai,dev_cust_0057_2,benef_7
a7a7548f,cust_0064,2026-08-21T00:26:41.842474,UPI,2506.83,Delhi,dev_cust_0064_3,benef_22
d556dcce,cust_0042,2026-08-21T00:28:15.663015,Card,3519.25,Delhi,dev_cust_0042_2,benef_33
c80f168a,cust_0005,2026-08-21T00:29:33.482610,NetBanking,3108.2,Bangalore,dev_cust_0005_2,benef_1
06823311,cust_0118,2026-08-21T00:31:21.639886,ATM,4237.71,Hyderabad,dev_cust_0118_3,benef_26
e6738c2f,cust_0033,2026-08-21T00:45:01.916563,ATM,2234.02,Chennai,dev_cust_0033_2,benef_23
0d9604ca,cust_susp_014,2026-08-21T00:56:16.174019,ATM,6972.82,Bangalore,dev_cust_susp_014_1,benef_6
3e653269,cust_susp_014,2026-08-21T00:59:39.432579,UPI,11035.87,Bangalore,dev_cust_susp_014_1,benef_15
abf72765,cust_susp_014,2026-08-21T00:59:55.121070,NetBanking,15958.36,Bangalore,dev_cust_susp_014_1,benef_35
97ccbce1,cust_0082,2026-08-21T01:00:52.636396,ATM,4138.96,Bangalore,dev_cust_0082_1,benef_5
3e7cefb4,cust_susp_014,2026-08-21T01:06:17.773726,Card,23049.22,Bangalore,dev_cust_susp_014_1,benef_37
69795140,cust_0064,2026-08-21T01:09:18.068810,UPI,2191.35,Delhi,dev_cust_0064_3,benef_10
73ad2a20,cust_0059,2026-08-21T01:16:25.270655,NetBanking,5385.87,Chennai,dev_cust_0059_3,benef_12
8b1c5618,cust_0052,2026-08-21T01:49:28.259642,ATM,4134.3,Hyderabad,dev_cust_0052_1,benef_8
8234f94c,cust_0079,2026-08-21T02:09:30.245065,NetBanking,1859.41,Pune,dev_cust_0079_1,benef_2
78cd371e,cust_0052,2026-08-21T02:26:53.221242,ATM,4241.75,Hyderabad,dev_cust_0052_1,benef_42
fdc03de5,cust_0083,2026-08-21T02:33:41.774098,NetBanking,657.14,Chennai,dev_cust_0083_3,benef_40
7d1dd231,cust_0112,2026-08-21T02:41:26.715635,NetBanking,3871.75,Delhi,dev_cust_0112_1,benef_27
9b3c09fd,cust_0051,2026-08-21T02:42:46.184814,ATM,858.97,Pune,dev_cust_0051_2,benef_35
ce48d72c,cust_0090,2026-08-21T02:52:13.008775,Card,898.35,Pune,dev_cust_0090_3,benef_22
88b0989e,cust_0102,2026-08-21T02:54:03.559043,UPI,3041.72,Delhi,dev_cust_0102_2,benef_49
fcfeef05,cust_0105,2026-08-21T03:02:47.322361,UPI,847.24,Delhi,dev_cust_0105_3,benef_44
d39c554b,cust_0031,2026-08-21T03:17:14.027630,Card,5753.61,Mumbai,dev_cust_0031_2,benef_12
d313daf2,cust_0106,2026-08-21T03:18:28.460514,ATM,3513.98,Delhi,dev_cust_0106_1,benef_10
0d9b9cf2,cust_0118,2026-08-21T03:21:54.847349,ATM,4438.57,Hyderabad,dev_cust_0118_3,benef_50
0ddf87b0,cust_0067,2026-08-21T03:49:57.441864,Card,2303.71,Delhi,dev_cust_0067_3,benef_17
a1f00ad6,cust_0075,2026-08-21T03:51:19.638540,ATM,3397.46,Mumbai,dev_cust_0075_3,benef_24
5c61e9d2,cust_0025,2026-08-21T04:02:32.389843,NetBanking,3785.69,Hyderabad,dev_cust_0025_1,benef_2
4117bc82,cust_0111,2026-08-21T04:33:27.029894,ATM,3199.52,Delhi,dev_cust_0111_2,benef_16
1f96d792,cust_0029,2026-08-21T04:33:32.831241,UPI,3399.14,Mumbai,dev_cust_0029_2,benef_46
185d55ec,cust_susp_009,2026-08-21T04:34:11.106741,Card,5238.98,Chennai,dev_cust_susp_009_1,benef_21
3b04da9b,cust_susp_009,2026-08-21T04:35:19.149690,ATM,6986.64,Chennai,dev_cust_susp_009_1,benef_46
2ec5389c,cust_susp_009,2026-08-21T04:41:16.811544,NetBanking,9484.66,Chennai,dev_cust_susp_009_1,benef_42
97de91fb,cust_susp_009,2026-08-21T04:44:23.133809,UPI,12848.69,Chennai,dev_cust_susp_009_1,benef_48
d7615dbe,cust_0035,2026-08-21T04:51:03.369032,Card,2465.02,Bangalore,dev_cust_0035_2,benef_5
0174be2e,cust_0100,2026-08-21T04:51:35.977526,Card,3137.01,Pune,dev_cust_0100_3,benef_7
6796747f,cust_0040,2026-08-21T05:06:02.174775,NetBanking,5222.64,Bangalore,dev_cust_0040_2,benef_33
de67eb62,cust_0063,2026-08-21T05:07:06.411664,UPI,2366.03,Pune,dev_cust_0063_2,benef_26
7681d8b3,cust_0032,2026-08-21T05:15:46.169915,Card,1574.53,Chennai,dev_cust_0032_3,benef_31
27c30ce3,cust_0052,2026-08-21T05:23:03.637573,ATM,4649.87,Hyderabad,dev_cust_0052_1,benef_24
8546d447,cust_0040,2026-08-21T05:24:03.825817,NetBanking,4712.76,Bangalore,dev_cust_0040_2,benef_11
6eb26645,cust_0037,2026-08-21T05:24:47.754833,ATM,2796.47,Mumbai,dev_cust_0037_1,benef_3
998dc6bb,cust_0093,2026-08-21T05:32:49.824496,NetBanking,1226.44,Hyderabad,dev_cust_0093_1,benef_48
387e19b0,cust_0083,2026-08-21T05:34:38.095276,NetBanking,617.9,Chennai,dev_cust_0083_3,benef_27
92e6b9b3,cust_0046,2026-08-21T05:40:03.813334,UPI,2398.51,Hyderabad,dev_cust_0046_2,benef_12
0d0e8fd9,cust_0113,2026-08-21T05:41:32.064050,ATM,4024.48,Delhi,dev_cust_0113_1,benef_46
b8ff906b,cust_0093,2026-08-21T05:43:59.260457,NetBanking,1182.99,Hyderabad,dev_cust_0093_1,benef_14
03e3dbfd,cust_0040,2026-08-21T05:45:13.770351,NetBanking,4871.39,Bangalore,dev_cust_0040_2,benef_13
0011b40e,cust_0072,2026-08-21T05:52:21.277988,ATM,1528.0,Chennai,dev_cust_0072_1,benef_25
085b3a4f,cust_0104,2026-08-21T05:54:38.049541,NetBanking,842.38,Mumbai,dev_cust_0104_3,benef_44
343d8098,cust_0071,2026-08-21T06:08:36.886288,ATM,2466.1,Chennai,dev_cust_0071_2,benef_11
06763f3b,cust_0060,2026-08-21T06:13:40.582384,NetBanking,894.89,Hyderabad,dev_cust_0060_3,benef_22
f6019e71,cust_0068,2026-08-21T06:29:06.930151,ATM,4464.69,Delhi,dev_cust_0068_3,benef_24
cf08fbf4,cust_0078,2026-08-21T06:33:50.312214,NetBanking,2518.95,Bangalore,dev_cust_0078_2,benef_12
e438431a,cust_0023,2026-08-21T06:36:37.893470,ATM,884.63,Hyderabad,dev_cust_0023_1,benef_12
980d8fc9,cust_0056,2026-08-21T06:41:30.122117,UPI,916.37,Bangalore,dev_cust_0056_2,benef_29
b2f7ae8c,cust_0074,2026-08-21T06:54:18.721092,NetBanking,2245.43,Pune,dev_cust_0074_1,benef_40
9fc751a5,cust_0016,2026-08-21T06:56:40.715979,UPI,831.94,Hyderabad,dev_cust_0016_1,benef_3
2bf22908,cust_0056,2026-08-21T06:58:27.665253,UPI,789.02,Bangalore,dev_cust_0056_2,benef_42
b01a3398,cust_0115,2026-08-21T07:00:04.575689,Card,585.05,Hyderabad,dev_cust_0115_3,benef_12
4ae18885,cust_0062,2026-08-21T07:00:25.778943,NetBanking,3236.79,Delhi,dev_cust_0062_1,benef_15
0be669c0,cust_0089,2026-08-21T07:01:36.477815,ATM,3683.99,Pune,dev_cust_0089_1,benef_49
fd5eee65,cust_0020,2026-08-21T07:03:12.285983,NetBanking,394.28,Chennai,dev_cust_0020_3,benef_43
d6324c0a,cust_0084,2026-08-21T07:08:54.659856,UPI,921.05,Delhi,dev_cust_0084_3,benef_4
6944a628,cust_0030,2026-08-21T07:21:40.908587,NetBanking,3427.81,Pune,dev_cust_0030_3,benef_16
1172ed6e,cust_0063,2026-08-21T07:26:35.693264,UPI,2893.21,Pune,dev_cust_0063_2,benef_26
2707589e,cust_0118,2026-08-21T07:28:13.275137,ATM,3496.76,Hyderabad,dev_cust_0118_3,benef_5
1f0622e6,cust_0107,2026-08-21T07:36:19.160738,ATM,607.28,Chennai,dev_cust_0107_1,benef_50
c34cff01,cust_0041,2026-08-21T07:49:37.015723,Card,3671.92,Bangalore,dev_cust_0041_3,benef_9
042581e3,cust_0061,2026-08-21T07:49:37.853192,ATM,4109.67,Pune,dev_cust_0061_3,benef_18
db33bfbc,cust_0021,2026-08-21T07:50:07.819980,Card,2416.7,Pune,dev_cust_0021_2,benef_48
2e2b57c2,cust_0107,2026-08-21T08:08:37.524372,ATM,687.86,Chennai,dev_cust_0107_1,benef_16
1ebb5229,cust_0032,2026-08-21T08:16:06.843253,Card,1977.38,Chennai,dev_cust_0032_3,benef_26
cf144eda,cust_0065,2026-08-21T08:19:16.242613,NetBanking,3032.52,Chennai,dev_cust_0065_3,benef_41
56fbe810,cust_0065,2026-08-21T08:32:16.073471,NetBanking,3274.27,Chennai,dev_cust_0065_3,benef_5
6ad245af,cust_0104,2026-08-21T08:38:49.652207,NetBanking,1122.27,Mumbai,dev_cust_0104_3,benef_33
a9b0c29e,cust_0056,2026-08-21T08:40:03.036236,UPI,880.23,Bangalore,dev_cust_0056_2,benef_39
3029e78a,cust_0050,2026-08-21T08:44:40.538389,NetBanking,5203.59,Chennai,dev_cust_0050_2,benef_44
1989bb53,cust_0102,2026-08-21T08:45:30.471982,UPI,3640.14,Delhi,dev_cust_0102_2,benef_39
7aeb2d1a,cust_0022,2026-08-21T08:47:23.870844,UPI,1839.26,Bangalore,dev_cust_0022_3,benef_46
48f2e4f6,cust_0023,2026-08-21T08:51:54.905162,ATM,1246.34,Hyderabad,dev_cust_0023_1,benef_36
190655fb,cust_0003,2026-08-21T09:02:14.400191,Card,4960.31,Hyderabad,dev_cust_0003_3,benef_17
d4134eb8,cust_0001,2026-08-21T09:04:42.928811,UPI,765.93,Pune,dev_cust_0001_2,benef_8
cdcbf361,cust_0041,2026-08-21T09:13:27.294171,Card,3994.06,Bangalore,dev_cust_0041_3,benef_32
7cdc57fb,cust_0071,2026-08-21T09:14:27.450412,ATM,2092.4,Chennai,dev_cust_0071_2,benef_34
0db0132f,cust_0028,2026-08-21T09:28:56.808506,UPI,4746.31,Mumbai,dev_cust_0028_1,benef_39
945fe7f1,cust_0088,2026-08-21T09:36:38.478518,UPI,1843.55,Mumbai,dev_cust_0088_1,benef_20
e270ed63,cust_0065,2026-08-21T09:45:44.344850,NetBanking,2428.59,Chennai,dev_cust_0065_3,benef_41
054ccd86,cust_0027,2026-08-21T09:51:43.531946,UPI,836.18,Bangalore,dev_cust_0027_1,benef_48
302f2957,cust_0039,2026-08-21T09:52:33.813387,UPI,734.51,Hyderabad,dev_cust_0039_3,benef_12
6e96008d,cust_0033,2026-08-21T10:04:29.118686,ATM,1903.36,Chennai,dev_cust_0033_2,benef_34
d812b30e,cust_0077,2026-08-21T10:05:05.219782,UPI,1741.25,Pune,dev_cust_0077_1,benef_3
27544046,cust_0109,2026-08-21T10:05:36.078251,NetBanking,763.7,Delhi,dev_cust_0109_3,benef_46
62cd3075,cust_0091,2026-08-21T10:11:32.161919,NetBanking,2619.58,Pune,dev_cust_0091_1,benef_2
854a373a,cust_0116,2026-08-21T10:14:09.674558,UPI,797.49,Bangalore,dev_cust_0116_2,benef_3
5b4c6441,cust_0066,2026-08-21T10:14:43.044043,NetBanking,2662.97,Chennai,dev_cust_0066_3,benef_7
87bc3a3c,cust_0097,2026-08-21T10:22:34.656498,Card,1252.67,Chennai,dev_cust_0097_3,benef_21
7a3d7c3d,cust_0093,2026-08-21T10:26:33.758883,NetBanking,1314.41,Hyderabad,dev_cust_0093_1,benef_25
a102c9ac,cust_0076,2026-08-21T10:27:15.279683,UPI,4104.12,Hyderabad,dev_cust_0076_2,benef_46
bf7115cd,cust_0111,2026-08-21T10:28:56.291148,ATM,2682.53,Delhi,dev_cust_0111_2,benef_14
a9acc398,cust_0033,2026-08-21T10:51:44.273806,ATM,1707.06,Chennai,dev_cust_0033_2,benef_47
c5a34299,cust_0031,2026-08-21T11:06:12.942476,Card,4701.84,Mumbai,dev_cust_0031_2,benef_23
ce1fbc23,cust_0113,2026-08-21T11:09:31.590469,ATM,4414.6,Delhi,dev_cust_0113_1,benef_42
04aca115,cust_0042,2026-08-21T11:15:14.777853,Card,3099.57,Delhi,dev_cust_0042_2,benef_23
0e875a17,cust_rule_002,2026-08-21T11:16:31.561747,NetBanking,748.97,Delhi,dev_cust_rule_002_1,benef_9
31da35d6,cust_rule_002,2026-08-21T11:16:46.561747,ATM,1720.29,Delhi,dev_cust_rule_002_1,benef_4
6dfe0c95,cust_rule_002,2026-08-21T11:17:01.561747,Card,1298.42,Delhi,dev_cust_rule_002_1,benef_39
78878a34,cust_rule_002,2026-08-21T11:17:16.561747,ATM,985.48,Delhi,dev_cust_rule_002_1,benef_46
18875959,cust_rule_002,2026-08-21T11:17:31.561747,Card,934.0,Delhi,dev_cust_rule_002_1,benef_18
4c7b30c6,cust_rule_002,2026-08-21T11:17:46.561747,UPI,703.38,Delhi,dev_cust_rule_002_1,benef_49
eafc78cb,cust_susp_008,2026-08-21T11:18:55.430613,NetBanking,6692.4,Bangalore,dev_cust_susp_008_1,benef_2
35957d87,cust_susp_008,2026-08-21T11:20:48.608413,ATM,10315.56,Bangalore,dev_cust_susp_008_1,benef_6
19d51d86,cust_susp_008,2026-08-21T11:26:34.074030,Card,14008.89,Bangalore,dev_cust_susp_008_1,benef_10
9a6ee6fe,cust_0038,2026-08-21T11:33:11.720854,ATM,2579.04,Chennai,dev_cust_0038_1,benef_6
415705b7,cust_rule_007,2026-08-21T11:37:10.114406,Card,3485.03,Delhi,dev_blk_001,benef_37
776ac90f,cust_0040,2026-08-21T11:40:25.570234,NetBanking,4475.73,Bangalore,dev_cust_0040_2,benef_49
5fe44156,cust_0088,2026-08-21T11:48:38.374774,UPI,1919.26,Mumbai,dev_cust_0088_1,benef_30
b60d7787,cust_susp_001,2026-08-21T11:52:57.460324,UPI,3332.67,Chennai,dev_cust_susp_001_1,benef_19
20393db8,cust_susp_001,2026-08-21T11:56:17.710763,NetBanking,5022.02,Chennai,dev_cust_susp_001_1,benef_47
39b25066,cust_susp_001,2026-08-21T11:57:29.035103,ATM,13942.96,Chennai,dev_cust_susp_001_1,benef_25
2def9bf5,cust_susp_001,2026-08-21T12:00:23.335051,Card,8791.38,Chennai,dev_cust_susp_001_1,benef_16
149fafc7,cust_0062,2026-08-21T12:01:08.000227,NetBanking,3256.54,Delhi,dev_cust_0062_1,benef_43
dc38bd28,cust_0101,2026-08-21T12:10:53.306145,NetBanking,3966.2,Delhi,dev_cust_0101_2,benef_46
78ffb301,cust_0055,2026-08-21T12:16:34.988392,NetBanking,2623.12,Delhi,dev_cust_0055_3,benef_43
07db9c76,cust_0020,2026-08-21T12:30:46.153046,NetBanking,473.86,Chennai,dev_cust_0020_3,benef_45
74549f80,cust_0042,2026-08-21T12:35:36.039101,Card,2659.6,Delhi,dev_cust_0042_2,benef_9
8f9ed529,cust_0004,2026-08-21T12:41:09.215321,ATM,4003.48,Chennai,dev_cust_0004_2,benef_8
147d6387,cust_0064,2026-08-21T12:42:59.574554,UPI,2504.68,Delhi,dev_cust_0064_3,benef_50
8b365ddd,cust_susp_012,2026-08-21T13:02:30.338737,NetBanking,7743.3,Delhi,dev_cust_susp_012_1,benef_20
8212a11b,cust_susp_012,2026-08-21T13:05:12.768932,UPI,18622.44,Delhi,dev_cust_susp_012_1,benef_20
9985508b,cust_susp_012,2026-08-21T13:05:16.569043,Card,13623.11,Delhi,dev_cust_susp_012_1,benef_44
3ce3aa7b,cust_susp_012,2026-08-21T13:08:51.924015,ATM,25298.11,Delhi,dev_cust_susp_012_1,benef_10
a1bd7576,cust_0055,2026-08-21T13:32:40.154854,NetBanking,2479.43,Delhi,dev_cust_0055_3,benef_30
c4d0d47c,cust_susp_013,2026-08-21T14:07:48.354685,NetBanking,4211.08,Bangalore,dev_cust_susp_013_1,benef_12
cac03a83,cust_0109,2026-08-21T14:09:33.878190,NetBanking,604.19,Delhi,dev_cust_0109_3,benef_25
d33285bd,cust_susp_013,2026-08-21T14:10:16.490250,Card,6642.8,Bangalore,dev_cust_susp_013_1,benef_9
087086eb,cust_0049,2026-08-21T14:13:16.935264,UPI,2150.81,Bangalore,dev_cust_0049_1,benef_18
d6ce11e4,cust_susp_013,2026-08-21T14:14:02.235838,ATM,12282.33,Bangalore,dev_cust_susp_013_1,benef_1
31cde24c,cust_susp_013,2026-08-21T14:14:51.469362,UPI,9257.07,Bangalore,dev_cust_susp_013_1,benef_40
b1f4291d,cust_0006,2026-08-21T14:21:17.439142,ATM,1371.88,Mumbai,dev_cust_0006_3,benef_36
55ebbecf,cust_0070,2026-08-21T14:26:55.690002,ATM,3127.79,Chennai,dev_cust_0070_1,benef_20
b9bdc92a,cust_0103,2026-08-21T14:38:22.313021,NetBanking,2725.74,Delhi,dev_cust_0103_1,benef_11
d27132a8,cust_0102,2026-08-21T14:42:04.584650,UPI,2306.82,Delhi,dev_cust_0102_2,benef_43
5d8cc7fc,cust_0026,2026-08-21T14:45:06.771125,NetBanking,1863.75,Delhi,dev_cust_0026_2,benef_48
411c2d34,cust_0027,2026-08-21T14:50:17.417222,UPI,999.97,Bangalore,dev_cust_0027_1,benef_42
d24f3a89,cust_0075,2026-08-21T15:10:26.044013,ATM,3004.0,Mumbai,dev_cust_0075_3,benef_33
606635d6,cust_0106,2026-08-21T15:12:00.231875,ATM,3363.35,Delhi,dev_cust_0106_1,benef_35
253d794f,cust_0078,2026-08-21T15:16:26.963792,NetBanking,5460.92,Bangalore,dev_cust_0078_2,benef_21
a48859ac,cust_0016,2026-08-21T15:16:57.002962,UPI,1104.27,Hyderabad,dev_cust_0016_1,benef_10
ad688018,cust_0076,2026-08-21T15:18:46.762758,UPI,4115.37,Hyderabad,dev_cust_0076_2,benef_50
f96cb41d,cust_0026,2026-08-21T15:19:17.494683,NetBanking,2423.12,Delhi,dev_cust_0026_2,benef_15
8abc6e19,cust_0094,2026-08-21T15:19:54.018428,ATM,2220.49,Chennai,dev_cust_0094_2,benef_44
7d46b846,cust_0090,2026-08-21T15:35:22.957603,Card,759.32,Pune,dev_cust_0090_3,benef_40
193da7b5,cust_0082,2026-08-21T15:35:59.260629,ATM,4399.63,Bangalore,dev_cust_0082_1,benef_11
e566bd3a,cust_0040,2026-08-21T15:36:25.041045,NetBanking,4231.72,Bangalore,dev_cust_0040_2,benef_30
0cc3ba3f,cust_0084,2026-08-21T15:41:37.852583,UPI,831.69,Delhi,dev_cust_0084_3,benef_9
4e26c36d,cust_0114,2026-08-21T15:43:06.010988,UPI,1756.84,Bangalore,dev_cust_0114_2,benef_18
2cfb49a0,cust_0015,2026-08-21T15:43:15.565156,UPI,3316.46,Delhi,dev_cust_0015_1,benef_28
db5e7a13,cust_0111,2026-08-21T15:44:58.952628,ATM,2719.55,Delhi,dev_cust_0111_2,benef_35
abdc4b20,cust_0116,2026-08-21T15:47:40.213126,UPI,938.61,Bangalore,dev_cust_0116_2,benef_11
1f1a5f80,cust_0090,2026-08-21T15:49:55.382580,Card,815.51,Pune,dev_cust_0090_3,benef_49
26bc339d,cust_0007,2026-08-21T15:52:56.458612,NetBanking,4765.54,Chennai,dev_cust_0007_3,benef_46
e6f5bc62,cust_0075,2026-08-21T15:53:56.186067,ATM,2667.4,Mumbai,dev_cust_0075_3,benef_41
4a17d84b,cust_0053,2026-08-21T15:54:10.658769,UPI,2663.3,Hyderabad,dev_cust_0053_3,benef_15
b314f20b,cust_0057,2026-08-21T16:03:31.294671,ATM,2776.61,Mumbai,dev_cust_0057_2,benef_38
45c5d037,cust_0003,2026-08-21T16:06:01.373586,Card,4382.05,Hyderabad,dev_cust_0003_3,benef_50
cfacbc7c,cust_0090,2026-08-21T16:09:50.012480,Card,664.46,Pune,dev_cust_0090_3,benef_39
448aac47,cust_0094,2026-08-21T16:10:56.059889,ATM,2664.52,Chennai,dev_cust_0094_2,benef_15
62af868d,cust_0090,2026-08-21T16:27:02.931451,Card,589.02,Pune,dev_cust_0090_3,benef_24
2eeb0056,cust_0116,2026-08-21T16:34:21.756761,UPI,818.09,Bangalore,dev_cust_0116_2,benef_3
6e4a832d,cust_0028,2026-08-21T16:36:20.915636,UPI,5582.23,Mumbai,dev_cust_0028_1,benef_14
43fa55b8,cust_0115,2026-08-21T16:40:48.565691,Card,638.97,Hyderabad,dev_cust_0115_3,benef_44
ff476811,cust_0031,2026-08-21T17:01:45.027901,Card,3941.33,Mumbai,dev_cust_0031_2,benef_43
8cbf82fd,cust_0043,2026-08-21T17:10:09.948802,NetBanking,2617.19,Delhi,dev_cust_0043_1,benef_3
fe6a2e16,cust_0063,2026-08-21T17:27:16.774463,UPI,2904.3,Pune,dev_cust_0063_2,benef_37
9d4d32af,cust_0008,2026-08-21T17:29:14.059608,Card,3536.61,Mumbai,dev_cust_0008_3,benef_27
9229f5a7,cust_0035,2026-08-21T17:32:43.883757,Card,2524.9,Bangalore,dev_cust_0035_2,benef_37
303ad6a4,cust_0001,2026-08-21T17:34:09.676051,UPI,905.49,Pune,dev_cust_0001_2,benef_15
9570f86f,cust_rule_005,2026-08-21T17:34:28.697196,Card,2883.44,Bangalore,dev_blk_002,benef_5
149d9765,cust_0092,2026-08-21T17:35:22.835408,Card,2357.02,Bangalore,dev_cust_0092_3,benef_47
45ee7590,cust_0112,2026-08-21T17:41:53.846429,NetBanking,3632.97,Delhi,dev_cust_0112_1,benef_22
7ee8d562,cust_0049,2026-08-21T17:43:45.530351,UPI,1876.57,Bangalore,dev_cust_0049_1,benef_19
e203aab1,cust_0042,2026-08-21T17:45:16.141103,Card,2800.78,Delhi,dev_cust_0042_2,benef_43
39a70dde,cust_0101,2026-08-21T17:56:13.826803,NetBanking,3484.13,Delhi,dev_cust_0101_2,benef_24
02de6051,cust_0104,2026-08-21T17:59:11.878252,NetBanking,1177.35,Mumbai,dev_cust_0104_3,benef_4
eec43964,cust_susp_011,2026-08-21T18:13:32.104561,NetBanking,4813.9,Mumbai,dev_cust_susp_011_1,benef_35
ae2f6677,cust_0097,2026-08-21T18:15:06.465230,Card,1129.55,Chennai,dev_cust_0097_3,benef_34
43827219,cust_susp_011,2026-08-21T18:15:30.781845,ATM,6708.07,Mumbai,dev_cust_susp_011_1,benef_30
398b6ff3,cust_0039,2026-08-21T18:16:22.263899,UPI,768.49,Hyderabad,dev_cust_0039_3,benef_2
2193a44e,cust_susp_011,2026-08-21T18:19:33.557075,UPI,9102.7,Mumbai,dev_cust_susp_011_1,benef_32
99fead28,cust_susp_011,2026-08-21T18:22:17.223197,Card,14235.33,Mumbai,dev_cust_susp_011_1,benef_39
f77ed6c9,cust_0000,2026-08-21T18:25:37.665261,UPI,521.16,Delhi,dev_cust_0000_1,benef_1
8edd6491,cust_0033,2026-08-21T18:27:00.926025,ATM,1902.26,Chennai,dev_cust_0033_2,benef_7
70a7697e,cust_susp_005,2026-08-21T18:30:07.283071,ATM,5142.38,Hyderabad,dev_cust_susp_005_1,benef_45
9b2842d2,cust_susp_005,2026-08-21T18:32:57.387555,UPI,11231.09,Hyderabad,dev_cust_susp_005_1,benef_20
64096c00,cust_susp_005,2026-08-21T18:33:39.884898,Card,6862.92,Hyderabad,dev_cust_susp_005_1,benef_27
5e97bbd0,cust_susp_000,2026-08-21T18:42:02.265432,ATM,3982.0,Delhi,dev_cust_susp_000_1,benef_21
f9422509,cust_susp_000,2026-08-21T18:43:18.739109,Card,5894.76,Delhi,dev_cust_susp_000_1,benef_20
ef336188,cust_0055,2026-08-21T18:44:38.231831,NetBanking,2056.43,Delhi,dev_cust_0055_3,benef_29
1b5800ab,cust_0091,2026-08-21T18:44:53.430740,NetBanking,3106.2,Pune,dev_cust_0091_1,benef_33
d340733c,cust_susp_000,2026-08-21T18:46:43.456995,NetBanking,12260.75,Delhi,dev_cust_susp_000_1,benef_29
376046c4,cust_susp_000,2026-08-21T18:48:36.350169,UPI,8973.99,Delhi,dev_cust_susp_000_1,benef_7
2aa6b2ca,cust_0038,2026-08-21T18:50:35.414473,ATM,2780.09,Chennai,dev_cust_0038_1,benef_29
8067c54a,cust_0023,2026-08-21T18:52:21.240947,ATM,918.33,Hyderabad,dev_cust_0023_1,benef_49
bc15abf9,cust_0005,2026-08-21T18:54:14.280631,NetBanking,2827.7,Bangalore,dev_cust_0005_2,benef_36
4d66316d,cust_0035,2026-08-21T18:55:16.078330,Card,3063.67,Bangalore,dev_cust_0035_2,benef_40
453e726a,cust_0060,2026-08-21T18:55:41.201756,NetBanking,913.15,Hyderabad,dev_cust_0060_3,benef_4
b4f66030,cust_0074,2026-08-21T18:57:54.759899,NetBanking,2567.46,Pune,dev_cust_0074_1,benef_2
b2860702,cust_0053,2026-08-21T18:59:40.232707,UPI,3684.87,Hyderabad,dev_cust_0053_3,benef_2
8e098161,cust_0069,2026-08-21T19:00:06.277526,ATM,6093.35,Mumbai,dev_cust_0069_1,benef_10
a8f663fc,cust_0067,2026-08-21T19:02:52.015530,Card,2173.82,Delhi,dev_cust_0067_3,benef_41
eba00d50,cust_0038,2026-08-21T19:03:31.102801,ATM,2866.0,Chennai,dev_cust_0038_1,benef_39
da155fce,cust_0078,2026-08-21T19:23:19.525908,NetBanking,5027.47,Bangalore,dev_cust_0078_2,benef_28
3745d8fa,cust_0019,2026-08-21T19:38:49.334777,UPI,2714.61,Delhi,dev_cust_0019_3,benef_37
2947915b,cust_0087,2026-08-21T19:40:46.340123,Card,3675.82,Delhi,dev_cust_0087_2,benef_21
b3ec9814,cust_0048,2026-08-21T19:42:31.247524,Card,467.8,Hyderabad,dev_cust_0048_3,benef_40
67c1b054,cust_0041,2026-08-21T19:50:19.536108,Card,3313.35,Bangalore,dev_cust_0041_3,benef_16
e5fb3359,cust_0074,2026-08-21T19:50:21.721691,NetBanking,2728.74,Pune,dev_cust_0074_1,benef_28
1d5afb0d,cust_0070,2026-08-21T19:57:46.333415,ATM,4257.78,Chennai,dev_cust_0070_1,benef_15
263178bd,cust_0085,2026-08-21T20:14:19.809737,Card,1630.65,Chennai,dev_cust_0085_2,benef_38
f2cf6869,cust_0102,2026-08-21T20:15:10.916159,UPI,3426.44,Delhi,dev_cust_0102_2,benef_10
87419087,cust_0001,2026-08-21T20:32:00.319813,UPI,1037.9,Pune,dev_cust_0001_2,benef_24
5339ee9e,cust_0046,2026-08-21T20:37:08.927525,UPI,2544.19,Hyderabad,dev_cust_0046_2,benef_10
2b43ae83,cust_0115,2026-08-21T20:37:27.194353,Card,605.11,Hyderabad,dev_cust_0115_3,benef_17
ce5e15e9,cust_0013,2026-08-21T20:43:24.479024,Card,4432.23,Mumbai,dev_cust_0013_3,benef_37
85d8ff16,cust_0028,2026-08-21T20:44:10.202187,UPI,4831.58,Mumbai,dev_cust_0028_1,benef_8
a4ae34d9,cust_0007,2026-08-21T21:26:21.886524,NetBanking,4793.62,Chennai,dev_cust_0007_3,benef_15
7726be6a,cust_0074,2026-08-21T21:30:02.720970,NetBanking,1982.76,Pune,dev_cust_0074_1,benef_19
444cecd3,cust_0056,2026-08-21T21:34:53.486939,UPI,822.11,Bangalore,dev_cust_0056_2,benef_36
93e2172c,cust_0030,2026-08-21T21:45:43.659501,NetBanking,3864.86,Pune,dev_cust_0030_3,benef_28
13b24f89,cust_0082,2026-08-21T21:54:51.845849,ATM,4764.39,Bangalore,dev_cust_0082_1,benef_8
1ccca9dd,cust_0034,2026-08-21T21:55:35.814603,Card,1525.54,Mumbai,dev_cust_0034_2,benef_1
bdc8ad8b,cust_0094,2026-08-21T22:19:05.718720,ATM,1876.19,Chennai,dev_cust_0094_2,benef_45
93d5dc6c,cust_0068,2026-08-21T22:19:53.453863,ATM,4453.62,Delhi,dev_cust_0068_3,benef_45
8962beb6,cust_rule_000,2026-08-21T22:21:10.289843,UPI,1359.07,Bangalore,dev_cust_rule_000_1,benef_18
277a96cc,cust_rule_000,2026-08-21T22:21:25.289843,Card,1313.07,Bangalore,dev_cust_rule_000_1,benef_49
329b71b6,cust_rule_000,2026-08-21T22:21:40.289843,UPI,1640.01,Bangalore,dev_cust_rule_000_1,benef_29
2f1da84b,cust_rule_000,2026-08-21T22:21:55.289843,ATM,1984.66,Bangalore,dev_cust_rule_000_1,benef_7
6b5277ff,cust_rule_000,2026-08-21T22:22:10.289843,ATM,946.56,Bangalore,dev_cust_rule_000_1,benef_3
0dca31d0,cust_rule_000,2026-08-21T22:22:25.289843,NetBanking,894.22,Bangalore,dev_cust_rule_000_1,benef_6
6575126d,cust_0065,2026-08-21T22:24:57.548914,NetBanking,2844.19,Chennai,dev_cust_0065_3,benef_6
e014183b,cust_0116,2026-08-21T22:25:59.957112,UPI,734.99,Bangalore,dev_cust_0116_2,benef_7
70947757,cust_0013,2026-08-21T22:28:33.804467,Card,5413.01,Mumbai,dev_cust_0013_3,benef_30
934b178b,cust_0032,2026-08-21T22:30:18.031613,Card,1692.01,Chennai,dev_cust_0032_3,benef_32
abe1c8c9,cust_0067,2026-08-21T22:36:21.548526,Card,2380.64,Delhi,dev_cust_0067_3,benef_44
45fe5397,cust_0030,2026-08-21T22:37:23.211452,NetBanking,4019.53,Pune,dev_cust_0030_3,benef_32
2ef2ccf1,cust_0038,2026-08-21T22:37:46.920306,ATM,2981.62,Chennai,dev_cust_0038_1,benef_5
9e23c1e0,cust_0002,2026-08-21T22:39:30.771856,UPI,4039.58,Pune,dev_cust_0002_2,benef_47
cf732719,cust_0111,2026-08-21T22:42:28.571327,ATM,2272.1,Delhi,dev_cust_0111_2,benef_20
0063a627,cust_0007,2026-08-21T22:47:28.392540,NetBanking,4126.84,Chennai,dev_cust_0007_3,benef_29
91a2a269,cust_0056,2026-08-21T22:51:57.599537,UPI,718.59,Bangalore,dev_cust_0056_2,benef_50
6a02610e,cust_0086,2026-08-21T22:52:52.890164,Card,4362.46,Chennai,dev_cust_0086_1,benef_41
7770f4f5,cust_0097,2026-08-21T23:00:29.813164,Card,997.72,Chennai,dev_cust_0097_3,benef_31
33a3cd6a,cust_0064,2026-08-21T23:11:47.935526,UPI,2455.7,Delhi,dev_cust_0064_3,benef_12
78487e1e,cust_0058,2026-08-21T23:17:06.049735,NetBanking,4883.02,Hyderabad,dev_cust_0058_1,benef_15
ffc24a41,cust_0012,2026-08-21T23:19:51.124231,UPI,4260.76,Pune,dev_cust_0012_1,benef_37
61ff2840,cust_0008,2026-08-21T23:26:48.328674,Card,3180.18,Mumbai,dev_cust_0008_3,benef_47
f2041104,cust_0036,2026-08-21T23:33:02.973160,NetBanking,1997.68,Bangalore,dev_cust_0036_2,benef_11
0e9c176f,cust_0011,2026-08-21T23:39:17.044058,UPI,3802.26,Delhi,dev_cust_0011_2,benef_32
1a8b1a19,cust_rule_006,2026-08-21T23:40:33.304224,NetBanking,1273.42,Pune,dev_cust_rule_006_1,benef_18
bfd40129,cust_rule_006,2026-08-21T23:40:48.304224,Card,1182.04,Pune,dev_cust_rule_006_1,benef_32
046975f4,cust_rule_006,2026-08-21T23:41:03.304224,Card,1372.93,Pune,dev_cust_rule_006_1,benef_50
7cb33e6a,cust_rule_006,2026-08-21T23:41:18.304224,UPI,1596.4,Pune,dev_cust_rule_006_1,benef_30
041ea456,cust_rule_006,2026-08-21T23:41:33.304224,Card,1775.16,Pune,dev_cust_rule_006_1,benef_35
3b1d65ca,cust_rule_006,2026-08-21T23:41:48.304224,NetBanking,826.74,Pune,dev_cust_rule_006_1,benef_28
5273c9da,cust_0057,2026-08-21T23:53:15.958105,ATM,2287.3,Mumbai,dev_cust_0057_2,benef_31
5aad4066,cust_0114,2026-08-22T00:00:22.825900,UPI,1293.98,Bangalore,dev_cust_0114_2,benef_32
58054720,cust_0101,2026-08-22T00:04:50.160956,NetBanking,3555.61,Delhi,dev_cust_0101_2,benef_44
28281595,cust_0075,2026-08-22T00:06:41.302837,ATM,2637.48,Mumbai,dev_cust_0075_3,benef_34
7cec59eb,cust_0079,2026-08-22T00:19:30.864001,NetBanking,1833.33,Pune,dev_cust_0079_1,benef_26
039047a5,cust_0109,2026-08-22T00:20:11.982414,NetBanking,632.09,Delhi,dev_cust_0109_3,benef_34
e12173cb,cust_0050,2026-08-22T00:35:17.635153,NetBanking,3856.95,Chennai,dev_cust_0050_2,benef_36
c41b1338,cust_0059,2026-08-22T00:35:53.963567,NetBanking,3474.24,Chennai,dev_cust_0059_3,benef_43
b8459fb3,cust_0079,2026-08-22T00:49:20.635621,NetBanking,1610.34,Pune,dev_cust_0079_1,benef_16
c680306a,cust_0005,2026-08-22T00:58:49.459938,NetBanking,3930.43,Bangalore,dev_cust_0005_2,benef_49
859362ec,cust_0090,2026-08-22T00:59:19.327519,Card,914.11,Pune,dev_cust_0090_3,benef_26
5959a816,cust_0097,2026-08-22T01:02:44.962922,Card,1255.84,Chennai,dev_cust_0097_3,benef_9
6e78bd81,cust_0016,2026-08-22T01:06:31.685610,UPI,933.32,Hyderabad,dev_cust_0016_1,benef_36
9eaaf632,cust_0045,2026-08-22T01:16:36.369686,NetBanking,3467.52,Delhi,dev_cust_0045_3,benef_19
d08f10c2,cust_0076,2026-08-22T01:17:49.721213,UPI,3631.15,Hyderabad,dev_cust_0076_2,benef_45
618657ab,cust_0014,2026-08-22T01:29:59.255785,Card,3601.35,Hyderabad,dev_cust_0014_3,benef_17
20c6a429,cust_0007,2026-08-22T01:40:13.690240,NetBanking,4670.63,Chennai,dev_cust_0007_3,benef_43
1f53218b,cust_0047,2026-08-22T01:42:09.262430,ATM,730.35,Delhi,dev_cust_0047_3,benef_25
d423f832,cust_0078,2026-08-22T01:49:44.152896,NetBanking,3710.44,Bangalore,dev_cust_0078_2,benef_18
36e68e0f,cust_0101,2026-08-22T01:52:45.618638,NetBanking,3690.94,Delhi,dev_cust_0101_2,benef_4
05c845cf,cust_0073,2026-08-22T02:07:01.859439,Card,1560.71,Delhi,dev_cust_0073_1,benef_9
9a804566,cust_0022,2026-08-22T02:08:15.021727,UPI,1395.43,Bangalore,dev_cust_0022_3,benef_32
073dbaab,cust_0034,2026-08-22T02:12:50.588242,Card,1545.26,Mumbai,dev_cust_0034_2,benef_9
010c4962,cust_0068,2026-08-22T02:17:26.006361,ATM,3899.3,Delhi,dev_cust_0068_3,benef_6
a69f0671,cust_0033,2026-08-22T02:36:20.001015,ATM,1870.39,Chennai,dev_cust_0033_2,benef_18
d57e1359,cust_0043,2026-08-22T02:46:35.066762,NetBanking,2691.19,Delhi,dev_cust_0043_1,benef_43
e1ab78bc,cust_0041,2026-08-22T03:06:15.708266,Card,3271.24,Bangalore,dev_cust_0041_3,benef_27
3e3add31,cust_0082,2026-08-22T03:15:00.919759,ATM,5101.28,Bangalore,dev_cust_0082_1,benef_45
7495ca29,cust_0056,2026-08-22T03:16:30.004834,UPI,658.99,Bangalore,dev_cust_0056_2,benef_19
7cfa1a25,cust_0024,2026-08-22T03:22:30.828389,NetBanking,4293.5,Chennai,dev_cust_0024_2,benef_35
243d333e,cust_0000,2026-08-22T03:33:12.283669,UPI,583.69,Delhi,dev_cust_0000_1,benef_29
62c2960d,cust_0013,2026-08-22T03:33:56.914765,Card,4756.51,Mumbai,dev_cust_0013_3,benef_43
980e6640,cust_0014,2026-08-22T03:40:05.078906,Card,3581.47,Hyderabad,dev_cust_0014_3,benef_14
4cb3396e,cust_0020,2026-08-22T03:47:56.255778,NetBanking,501.87,Chennai,dev_cust_0020_3,benef_24
9e30888c,cust_0020,2026-08-22T03:49:20.304973,NetBanking,429.09,Chennai,dev_cust_0020_3,benef_20
afa97859,cust_0048,2026-08-22T03:54:24.635233,Card,453.46,Hyderabad,dev_cust_0048_3,benef_41
4d1f5369,cust_0088,2026-08-22T03:55:16.488751,UPI,1759.19,Mumbai,dev_cust_0088_1,benef_33
2f846bb2,cust_0070,2026-08-22T03:55:30.633031,ATM,4823.92,Chennai,dev_cust_0070_1,benef_47
e382c484,cust_0067,2026-08-22T04:06:31.763377,Card,1837.71,Delhi,dev_cust_0067_3,benef_10
da92627b,cust_0026,2026-08-22T04:08:27.813081,NetBanking,3159.43,Delhi,dev_cust_0026_2,benef_30
f1968ec1,cust_0093,2026-08-22T04:22:22.624045,NetBanking,776.56,Hyderabad,dev_cust_0093_1,benef_46
4032a9b8,cust_0011,2026-08-22T04:58:23.076742,UPI,6798.7,Delhi,dev_cust_0011_2,benef_4
0616a815,cust_0017,2026-08-22T05:01:57.511079,ATM,2938.5,Pune,dev_cust_0017_1,benef_22
50c78dc7,cust_0107,2026-08-22T05:19:08.247542,ATM,587.27,Chennai,dev_cust_0107_1,benef_26
95530753,cust_0014,2026-08-22T05:27:14.404488,Card,3474.73,Hyderabad,dev_cust_0014_3,benef_14
b6400d94,cust_0049,2026-08-22T05:45:08.183706,UPI,1816.0,Bangalore,dev_cust_0049_1,benef_5
b682a076,cust_0004,2026-08-22T05:47:05.979980,ATM,3163.62,Chennai,dev_cust_0004_2,benef_24
6bac03b4,cust_0011,2026-08-22T05:51:15.265250,UPI,5851.76,Delhi,dev_cust_0011_2,benef_33
79b66fff,cust_0050,2026-08-22T05:55:43.807637,NetBanking,4798.29,Chennai,dev_cust_0050_2,benef_41
948bee54,cust_0024,2026-08-22T06:07:40.543061,NetBanking,3516.9,Chennai,dev_cust_0024_2,benef_41
302c8861,cust_0077,2026-08-22T06:14:13.006158,UPI,1913.3,Pune,dev_cust_0077_1,benef_50
b8883c57,cust_0026,2026-08-22T06:15:00.752415,NetBanking,3241.37,Delhi,dev_cust_0026_2,benef_27
a6d95e77,cust_0106,2026-08-22T06:26:41.704331,ATM,4011.22,Delhi,dev_cust_0106_1,benef_47
86a67d0f,cust_0000,2026-08-22T06:38:02.869560,UPI,664.32,Delhi,dev_cust_0000_1,benef_18
24c331b4,cust_0087,2026-08-22T06:46:04.366651,Card,3148.81,Delhi,dev_cust_0087_2,benef_16
ba694b55,cust_0058,2026-08-22T06:54:27.379798,NetBanking,5087.72,Hyderabad,dev_cust_0058_1,benef_37
5e0127b9,cust_0080,2026-08-22T06:56:31.495090,NetBanking,4985.93,Pune,dev_cust_0080_3,benef_37
4efbda54,cust_0039,2026-08-22T06:56:37.853881,UPI,815.33,Hyderabad,dev_cust_0039_3,benef_12
fb9ddd01,cust_0106,2026-08-22T07:06:54.989666,ATM,4183.77,Delhi,dev_cust_0106_1,benef_40
28c2bd4a,cust_0106,2026-08-22T07:09:21.058780,ATM,3593.37,Delhi,dev_cust_0106_1,benef_2
d5981a89,cust_0062,2026-08-22T07:14:56.997478,NetBanking,2902.84,Delhi,dev_cust_0062_1,benef_8
0cb1251c,cust_0105,2026-08-22T07:21:57.558622,UPI,732.82,Delhi,dev_cust_0105_3,benef_42
bc92a4a2,cust_0086,2026-08-22T07:30:48.997992,Card,4326.21,Chennai,dev_cust_0086_1,benef_17
c1230f3d,cust_0030,2026-08-22T07:46:27.063936,NetBanking,4417.08,Pune,dev_cust_0030_3,benef_30
ae981cb8,cust_0048,2026-08-22T07:51:12.061913,Card,465.58,Hyderabad,dev_cust_0048_3,benef_15
804ad1cb,cust_0079,2026-08-22T08:03:11.184813,NetBanking,1786.72,Pune,dev_cust_0079_1,benef_24
e0f20784,cust_0064,2026-08-22T08:05:47.351542,UPI,2710.8,Delhi,dev_cust_0064_3,benef_34
0756c4fe,cust_0017,2026-08-22T08:19:54.579801,ATM,3618.47,Pune,dev_cust_0017_1,benef_48
054f7da4,cust_0029,2026-08-22T08:20:59.081777,UPI,3005.56,Mumbai,dev_cust_0029_2,benef_23
dbd37380,cust_0019,2026-08-22T08:37:22.183790,UPI,3129.17,Delhi,dev_cust_0019_3,benef_28
67d8f050,cust_0053,2026-08-22T08:46:56.461109,UPI,3135.75,Hyderabad,dev_cust_0053_3,benef_10
c5784118,cust_0043,2026-08-22T09:03:08.436853,NetBanking,2199.12,Delhi,dev_cust_0043_1,benef_42
cc978027,cust_0074,2026-08-22T09:09:38.648959,NetBanking,2342.17,Pune,dev_cust_0074_1,benef_32
63c3a12e,cust_susp_010,2026-08-22T09:30:27.926295,ATM,5209.97,Delhi,dev_cust_susp_010_1,benef_12
b71cffe4,cust_susp_010,2026-08-22T09:33:26.241719,Card,7258.5,Delhi,dev_cust_susp_010_1,benef_26
25bfb424,cust_susp_010,2026-08-22T09:36:09.004792,UPI,9542.0,Delhi,dev_cust_susp_010_1,benef_13
47c3f97e,cust_0009,2026-08-22T09:38:33.578815,UPI,867.33,Hyderabad,dev_cust_0009_2,benef_7
46117a01,cust_0078,2026-08-22T09:40:57.584255,NetBanking,5423.75,Bangalore,dev_cust_0078_2,benef_47
29a64091,cust_0091,2026-08-22T09:53:07.949666,NetBanking,2517.78,Pune,dev_cust_0091_1,benef_33
20f3ac9d,cust_0023,2026-08-22T09:53:45.274720,ATM,1099.01,Hyderabad,dev_cust_0023_1,benef_36
6a550559,cust_0003,2026-08-22T09:57:47.871560,Card,4729.24,Hyderabad,dev_cust_0003_3,benef_37
09c24b34,cust_0062,2026-08-22T10:02:47.088358,NetBanking,3641.62,Delhi,dev_cust_0062_1,benef_3
5b8cf0f6,cust_0104,2026-08-22T10:05:52.459382,NetBanking,946.35,Mumbai,dev_cust_0104_3,benef_47
6688e917,cust_0082,2026-08-22T10:21:25.026198,ATM,6503.96,Bangalore,dev_cust_0082_1,benef_43
09ead862,cust_0017,2026-08-22T10:22:26.222856,ATM,4991.76,Pune,dev_cust_0017_1,benef_18
2559fc70,cust_0066,2026-08-22T10:23:22.597495,NetBanking,2694.64,Chennai,dev_cust_0066_3,benef_22
32cdfb5f,cust_0088,2026-08-22T10:34:13.457797,UPI,1503.22,Mumbai,dev_cust_0088_1,benef_37
a862e6c5,cust_0115,2026-08-22T10:41:43.570073,Card,567.68,Hyderabad,dev_cust_0115_3,benef_24
88eb2d1b,cust_0006,2026-08-22T10:45:13.227286,ATM,1163.11,Mumbai,dev_cust_0006_3,benef_49
a2d6169a,cust_0071,2026-08-22T10:48:58.209299,ATM,2211.14,Chennai,dev_cust_0071_2,benef_17
76a7790e,cust_0095,2026-08-22T10:55:23.437666,NetBanking,2427.84,Delhi,dev_cust_0095_3,benef_19
1f0a0138,cust_0021,2026-08-22T10:55:35.362008,Card,1911.54,Pune,dev_cust_0021_2,benef_49
57e9d620,cust_0112,2026-08-22T11:09:16.630768,NetBanking,4752.74,Delhi,dev_cust_0112_1,benef_32
f1ce09af,cust_0040,2026-08-22T11:23:41.131087,NetBanking,6331.77,Bangalore,dev_cust_0040_2,benef_30
52510eb4,cust_0086,2026-08-22T11:25:01.240491,Card,4484.64,Chennai,dev_cust_0086_1,benef_42
e15f8268,cust_0102,2026-08-22T11:26:36.429555,UPI,3431.11,Delhi,dev_cust_0102_2,benef_39
1c9528fa,cust_0115,2026-08-22T11:37:13.690803,Card,573.34,Hyderabad,dev_cust_0115_3,benef_6
2ca91a32,cust_0091,2026-08-22T11:38:12.608840,NetBanking,2115.69,Pune,dev_cust_0091_1,benef_20
4f0d2659,cust_0068,2026-08-22T11:41:06.165774,ATM,4944.95,Delhi,dev_cust_0068_3,benef_48
ba5d7c46,cust_0110,2026-08-22T11:43:02.109128,Card,1338.4,Hyderabad,dev_cust_0110_1,benef_4
e090c7cd,cust_0059,2026-08-22T11:43:16.236758,NetBanking,3994.48,Chennai,dev_cust_0059_3,benef_18
3073bf2c,cust_0049,2026-08-22T11:47:38.502992,UPI,1867.03,Bangalore,dev_cust_0049_1,benef_31
76af75e8,cust_0072,2026-08-22T11:50:07.309471,ATM,2204.96,Chennai,dev_cust_0072_1,benef_29
24928b94,cust_0084,2026-08-22T11:51:36.497036,UPI,928.94,Delhi,dev_cust_0084_3,benef_11
8a31e518,cust_0112,2026-08-22T12:00:07.615802,NetBanking,3068.35,Delhi,dev_cust_0112_1,benef_44
7dbd7279,cust_0052,2026-08-22T12:01:33.247190,ATM,4159.53,Hyderabad,dev_cust_0052_1,benef_40
c742e0a1,cust_0002,2026-08-22T12:03:21.422585,UPI,4667.78,Pune,dev_cust_0002_2,benef_43
11819982,cust_0042,2026-08-22T12:06:00.446693,Card,3321.9,Delhi,dev_cust_0042_2,benef_31
3f8ed285,cust_0069,2026-08-22T12:07:43.059064,ATM,4132.53,Mumbai,dev_cust_0069_1,benef_34
1de73fac,cust_0073,2026-08-22T12:25:14.493749,Card,1643.23,Delhi,dev_cust_0073_1,benef_42
a5453665,cust_0058,2026-08-22T13:00:13.640637,NetBanking,3910.67,Hyderabad,dev_cust_0058_1,benef_8
94fa8951,cust_0001,2026-08-22T13:01:10.539757,UPI,718.88,Pune,dev_cust_0001_2,benef_47
37235294,cust_0022,2026-08-22T13:10:52.010447,UPI,2006.3,Bangalore,dev_cust_0022_3,benef_5
deefe413,cust_0099,2026-08-22T13:16:34.684239,UPI,489.59,Chennai,dev_cust_0099_3,benef_8
74b523b0,cust_0071,2026-08-22T13:17:02.239664,ATM,2104.74,Chennai,dev_cust_0071_2,benef_19
f44e92d8,cust_0047,2026-08-22T13:26:24.550885,ATM,860.75,Delhi,dev_cust_0047_3,benef_7
e03b606b,cust_0025,2026-08-22T13:41:04.942773,NetBanking,2319.71,Hyderabad,dev_cust_0025_1,benef_49
39941169,cust_0045,2026-08-22T13:52:21.494136,NetBanking,3097.5,Delhi,dev_cust_0045_3,benef_46
502abc95,cust_0036,2026-08-22T13:55:55.199782,NetBanking,2850.31,Bangalore,dev_cust_0036_2,benef_40
1ad12799,cust_0005,2026-08-22T13:58:34.098819,NetBanking,3256.31,Bangalore,dev_cust_0005_2,benef_1
f7c8176e,cust_0087,2026-08-22T14:01:36.931915,Card,2750.66,Delhi,dev_cust_0087_2,benef_23
13e6e85a,cust_0042,2026-08-22T14:12:35.781404,Card,2668.54,Delhi,dev_cust_0042_2,benef_27
ac390048,cust_0065,2026-08-22T14:13:32.789956,NetBanking,2432.97,Chennai,dev_cust_0065_3,benef_5
6d890da1,cust_0018,2026-08-22T14:14:00.282574,ATM,1219.53,Bangalore,dev_cust_0018_2,benef_50
5f131c64,cust_rule_001,2026-08-22T14:18:03.289922,UPI,3326.89,Mumbai,dev_cust_rule_001_1,benef_blk_001
026b0cfe,cust_0054,2026-08-22T14:23:03.292701,Card,3812.67,Pune,dev_cust_0054_3,benef_9
9fd90f9c,cust_0027,2026-08-22T14:24:47.871370,UPI,858.1,Bangalore,dev_cust_0027_1,benef_12
30eeca83,cust_0005,2026-08-22T14:40:38.413302,NetBanking,3182.74,Bangalore,dev_cust_0005_2,benef_20
5137e6b5,cust_0045,2026-08-22T14:48:41.678110,NetBanking,3612.75,Delhi,dev_cust_0045_3,benef_41
77c6f8ec,cust_0071,2026-08-22T14:56:11.112158,ATM,2013.61,Chennai,dev_cust_0071_2,benef_34
99043cd2,cust_0003,2026-08-22T15:05:54.488782,Card,5112.83,Hyderabad,dev_cust_0003_3,benef_21
a1094f4b,cust_0084,2026-08-22T15:12:47.271308,UPI,1105.01,Delhi,dev_cust_0084_3,benef_50
f2fd01ae,cust_0006,2026-08-22T15:13:00.088114,ATM,1259.03,Mumbai,dev_cust_0006_3,benef_32
cdbff4c2,cust_0108,2026-08-22T15:20:21.840538,ATM,4916.54,Hyderabad,dev_cust_0108_3,benef_28
f9f6c3b3,cust_0032,2026-08-22T15:22:03.823890,Card,1459.75,Chennai,dev_cust_0032_3,benef_13
fdd9fe10,cust_0041,2026-08-22T15:25:15.443219,Card,3182.52,Bangalore,dev_cust_0041_3,benef_41
c84c9cdf,cust_0013,2026-08-22T15:25:19.993820,Card,5198.32,Mumbai,dev_cust_0013_3,benef_11
e6742ba8,cust_0089,2026-08-22T15:31:42.392275,ATM,2825.86,Pune,dev_cust_0089_1,benef_35
0484b0b2,cust_0016,2026-08-22T15:39:27.714616,UPI,881.53,Hyderabad,dev_cust_0016_1,benef_27
78138f97,cust_0083,2026-08-22T15:39:56.679020,NetBanking,507.42,Chennai,dev_cust_0083_3,benef_5
6ea6b6e1,cust_0072,2026-08-22T15:41:36.037348,ATM,2037.78,Chennai,dev_cust_0072_1,benef_2
b167f367,cust_0077,2026-08-22T15:46:36.867952,UPI,1954.37,Pune,dev_cust_0077_1,benef_21
f2be2054,cust_0045,2026-08-22T15:53:44.106610,NetBanking,3731.08,Delhi,dev_cust_0045_3,benef_32
14467c6b,cust_0099,2026-08-22T16:01:36.182609,UPI,534.74,Chennai,dev_cust_0099_3,benef_9
886058c9,cust_0023,2026-08-22T16:16:17.426954,ATM,1396.55,Hyderabad,dev_cust_0023_1,benef_50
355fc7e0,cust_0116,2026-08-22T16:25:29.882187,UPI,1252.35,Bangalore,dev_cust_0116_2,benef_3
b995fa2e,cust_0095,2026-08-22T16:29:41.111631,NetBanking,2227.66,Delhi,dev_cust_0095_3,benef_26
9aeeffe8,cust_0066,2026-08-22T16:30:11.257632,NetBanking,1911.41,Chennai,dev_cust_0066_3,benef_42
7734b4ad,cust_0100,2026-08-22T16:35:13.483854,Card,4047.17,Pune,dev_cust_0100_3,benef_6
18a12a5e,cust_0024,2026-08-22T16:35:56.340358,NetBanking,4208.82,Chennai,dev_cust_0024_2,benef_17
410be1b1,cust_0016,2026-08-22T16:43:21.265788,UPI,844.27,Hyderabad,dev_cust_0016_1,benef_14
d4b09129,cust_0007,2026-08-22T16:46:19.970739,NetBanking,4316.92,Chennai,dev_cust_0007_3,benef_5
64d8a95d,cust_0010,2026-08-22T16:58:33.190740,UPI,2517.46,Chennai,dev_cust_0010_1,benef_11
45e9f6e3,cust_0020,2026-08-22T17:00:07.197454,NetBanking,443.64,Chennai,dev_cust_0020_3,benef_40
22728de2,cust_0046,2026-08-22T17:02:47.516883,UPI,2097.11,Hyderabad,dev_cust_0046_2,benef_3
523ea01d,cust_0098,2026-08-22T17:45:09.144894,ATM,3317.49,Hyderabad,dev_cust_0098_1,benef_12
6726a018,cust_0109,2026-08-22T17:51:40.912253,NetBanking,452.64,Delhi,dev_cust_0109_3,benef_36
f4cc70dd,cust_0103,2026-08-22T18:02:29.827998,NetBanking,2226.87,Delhi,dev_cust_0103_1,benef_8
742e8abd,cust_rule_003,2026-08-22T18:09:04.850106,Card,3601.14,Mumbai,dev_cust_rule_003_1,benef_blk_001
44f5c363,cust_0011,2026-08-22T18:11:45.144312,UPI,5278.52,Delhi,dev_cust_0011_2,benef_34
40a76abd,cust_0026,2026-08-22T18:12:25.188077,NetBanking,3133.45,Delhi,dev_cust_0026_2,benef_26
f6a3e081,cust_0063,2026-08-22T18:13:24.319651,UPI,2430.6,Pune,dev_cust_0063_2,benef_6
837ebdf5,cust_0020,2026-08-22T18:17:43.805932,NetBanking,427.24,Chennai,dev_cust_0020_3,benef_8
def3989a,cust_0110,2026-08-22T18:24:01.006289,Card,1468.6,Hyderabad,dev_cust_0110_1,benef_47
580ed03c,cust_0037,2026-08-22T18:31:17.742730,ATM,2851.16,Mumbai,dev_cust_0037_1,benef_41
a1641236,cust_0096,2026-08-22T18:31:43.296586,Card,4432.93,Pune,dev_cust_0096_2,benef_42
5eefeee4,cust_0116,2026-08-22T18:32:22.081905,UPI,875.89,Bangalore,dev_cust_0116_2,benef_35
ec6958d8,cust_0010,2026-08-22T18:41:54.321996,UPI,2490.88,Chennai,dev_cust_0010_1,benef_16
cf9b9da4,cust_0041,2026-08-22T18:47:32.779611,Card,3426.25,Bangalore,dev_cust_0041_3,benef_29
d1ed73fd,cust_0029,2026-08-22T18:52:47.554051,UPI,2835.14,Mumbai,dev_cust_0029_2,benef_25
440deaca,cust_0077,2026-08-22T19:12:09.758003,UPI,1003.19,Pune,dev_cust_0077_1,benef_35
174f51b7,cust_0095,2026-08-22T19:13:35.137141,NetBanking,1871.47,Delhi,dev_cust_0095_3,benef_47
1fd8f168,cust_0098,2026-08-22T19:14:32.740662,ATM,3712.3,Hyderabad,dev_cust_0098_1,benef_3
a82626f8,cust_0105,2026-08-22T19:17:23.861471,UPI,927.02,Delhi,dev_cust_0105_3,benef_3
dc55a827,cust_0050,2026-08-22T19:42:03.658349,NetBanking,5563.6,Chennai,dev_cust_0050_2,benef_7
f510dcb1,cust_0118,2026-08-22T19:45:44.225416,ATM,3221.83,Hyderabad,dev_cust_0118_3,benef_43
1126ee00,cust_0094,2026-08-22T19:47:13.053608,ATM,3226.06,Chennai,dev_cust_0094_2,benef_46
81e61679,cust_0085,2026-08-22T19:47:44.531256,Card,1547.87,Chennai,dev_cust_0085_2,benef_10
3b255454,cust_0088,2026-08-22T20:04:03.764189,UPI,1878.44,Mumbai,dev_cust_0088_1,benef_11
47fd9597,cust_0068,2026-08-22T20:13:55.614945,ATM,6215.01,Delhi,dev_cust_0068_3,benef_32
268bc3d8,cust_0035,2026-08-22T20:20:13.366499,Card,2405.18,Bangalore,dev_cust_0035_2,benef_6
1e0eabd1,cust_0052,2026-08-22T20:26:23.900025,ATM,4673.66,Hyderabad,dev_cust_0052_1,benef_44
0880efe3,cust_0033,2026-08-22T20:27:47.463654,ATM,1810.48,Chennai,dev_cust_0033_2,benef_48
f541f020,cust_0006,2026-08-22T20:39:07.134592,ATM,1540.28,Mumbai,dev_cust_0006_3,benef_39
289c0957,cust_0005,2026-08-22T20:40:29.088413,NetBanking,3453.68,Bangalore,dev_cust_0005_2,benef_47
62003c4b,cust_0057,2026-08-22T20:52:37.102501,ATM,1931.7,Mumbai,dev_cust_0057_2,benef_27
0185f969,cust_0111,2026-08-22T20:54:19.521929,ATM,3590.62,Delhi,dev_cust_0111_2,benef_48
d1c5171f,cust_0113,2026-08-22T20:55:15.802902,ATM,3442.38,Delhi,dev_cust_0113_1,benef_34
3a8e2861,cust_0115,2026-08-22T21:04:09.988243,Card,663.69,Hyderabad,dev_cust_0115_3,benef_30
092e7206,cust_0105,2026-08-22T21:23:32.441350,UPI,412.99,Delhi,dev_cust_0105_3,benef_24
13d6e793,cust_0044,2026-08-22T21:30:19.650574,NetBanking,4677.14,Mumbai,dev_cust_0044_3,benef_29
f2bbac2b,cust_0030,2026-08-22T21:30:50.791137,NetBanking,3357.57,Pune,dev_cust_0030_3,benef_35
74e4c759,cust_0049,2026-08-22T21:39:05.952542,UPI,2418.79,Bangalore,dev_cust_0049_1,benef_19
491db8bb,cust_0058,2026-08-22T21:43:28.923681,NetBanking,4034.43,Hyderabad,dev_cust_0058_1,benef_39
3fca30a8,cust_0118,2026-08-22T21:45:44.200651,ATM,2553.16,Hyderabad,dev_cust_0118_3,benef_21
e4d3d9b9,cust_0060,2026-08-22T21:58:13.234622,NetBanking,938.87,Hyderabad,dev_cust_0060_3,benef_25
0daf6e0e,cust_0001,2026-08-22T22:03:51.606023,UPI,791.34,Pune,dev_cust_0001_2,benef_41
f8540022,cust_0048,2026-08-22T22:05:57.850122,Card,649.06,Hyderabad,dev_cust_0048_3,benef_19
ba3ccfed,cust_0078,2026-08-22T22:06:29.153055,NetBanking,4984.24,Bangalore,dev_cust_0078_2,benef_32
4ee8a988,cust_0016,2026-08-22T22:06:58.556268,UPI,1002.31,Hyderabad,dev_cust_0016_1,benef_16
654ac407,cust_0087,2026-08-22T22:13:36.973956,Card,4759.49,Delhi,dev_cust_0087_2,benef_9
de004cfe,cust_0106,2026-08-22T22:28:05.358525,ATM,3294.02,Delhi,dev_cust_0106_1,benef_1
8950ed26,cust_0043,2026-08-22T22:36:56.784441,NetBanking,2931.3,Delhi,dev_cust_0043_1,benef_16
0c5179a5,cust_0066,2026-08-22T22:43:54.342619,NetBanking,3063.95,Chennai,dev_cust_0066_3,benef_3
f52496e7,cust_0082,2026-08-22T22:55:46.356112,ATM,3761.8,Bangalore,dev_cust_0082_1,benef_9
c085d09d,cust_0108,2026-08-22T22:58:12.289340,ATM,3530.4,Hyderabad,dev_cust_0108_3,benef_18
157a4515,cust_0065,2026-08-22T23:01:49.080853,NetBanking,2358.2,Chennai,dev_cust_0065_3,benef_21
1cd39c51,cust_0066,2026-08-22T23:21:03.577070,NetBanking,2056.87,Chennai,dev_cust_0066_3,benef_24
eff7b586,cust_0105,2026-08-22T23:29:08.430352,UPI,546.21,Delhi,dev_cust_0105_3,benef_25
94c90b7e,cust_0035,2026-08-22T23:33:43.577406,Card,3102.43,Bangalore,dev_cust_0035_2,benef_39
a03cf15f,cust_0051,2026-08-22T23:42:24.375537,ATM,761.66,Pune,dev_cust_0051_2,benef_35
798c826d,cust_0013,2026-08-22T23:43:08.199284,Card,5144.1,Mumbai,dev_cust_0013_3,benef_17
78dea2da,cust_0039,2026-08-22T23:46:48.267103,UPI,663.19,Hyderabad,dev_cust_0039_3,benef_28
acbc70aa,cust_0068,2026-08-22T23:47:44.938081,ATM,4887.35,Delhi,dev_cust_0068_3,benef_43
9e2d35b3,cust_0098,2026-08-22T23:47:46.931361,ATM,2501.16,Hyderabad,dev_cust_0098_1,benef_48
3cca075e,cust_0045,2026-08-22T23:48:52.799230,NetBanking,3413.13,Delhi,dev_cust_0045_3,benef_7
02e83728,cust_0039,2026-08-22T23:58:09.170455,UPI,860.17,Hyderabad,dev_cust_0039_3,benef_3
